[Source Language],[Source Text],[Target Language],[Target Text]
"English","abdomen","Finnish","vatsa/vatsan alue"
"English","abet","Finnish","avustaa"
"English","abetting","Finnish","avustaminen"
"English","abide","Finnish","sietää"
"English","abiding","Finnish","kestävä"
"English","abject","Finnish","alhainen"
"English","ably","Finnish","taidokkaasti"
"English","abode","Finnish","asunto/asuinkunta"
"English","abreast","Finnish","rinnakkain"
"English","abscess","Finnish","paise"
"English","abstinence","Finnish","pidättyväisyys"
"English","abyss","Finnish","syvänne"
"English","accrediting","Finnish","valtuuttaminen"
"English","acquaintance","Finnish","tuttavuus"
"English","acreage","Finnish","maa-ala/pinta-ala"
"English","acuity","Finnish","terävyys/tarkkuus"
"English","adhert to","Finnish","noudattaa"
"English","adjust to the gloom","Finnish","sopeutua hämäryyteen"
"English","adrift","Finnish","ajelehtien"
"English","adze","Finnish","kirves"
"English","aegis","Finnish","suojelus"
"English","affably","Finnish","ystävällisesti"
"English","affliction","Finnish","vaiva/kärsimys"
"English","agave","Finnish","agaave"
"English","agitated","Finnish","levoton"
"English","agog","Finnish","innokas"
"English","aide-de-camp","Finnish","adjutantti"
"English","aileron","Finnish","siiveke"
"English","ailment","Finnish","vaiva/sairaus"
"English","alcazar","Finnish","alcazar (linna tai palatsi espanjalaisessa tai portugalilaisessa tyylissä)"
"English","alcove","Finnish","syvennys"
"English","alder grove","Finnish","leppälehto"
"English","alehouse","Finnish","kapakka"
"English","alights","Finnish","laskeutuu/astuu alas"
"English","allay","Finnish","lievittää"
"English","alluded","Finnish","viittasi"
"English","aloof","Finnish","etäinen"
"English","amble","Finnish","kävellä hitaasti/rennosti"
"English","ambling","Finnish","käveleminen hitaasti/rennosti"
"English","amicably","Finnish","sovinnollisesti"
"English","amiss","Finnish","vialla"
"English","amiss","Finnish","viallinen"
"English","among the monolith sunk into the ground","Finnish","maahan vajonneiden megaliittien keskellä"
"English","among the straw and muck","Finnish","oljen ja lian seassa"
"English","an edict","Finnish","asetus/päätös"
"English","an elambic","Finnish","alembic (tislauslaite)"
"English","an onager","Finnish","onageri (heitinkone)"
"English","anaali","Finnish","secluded"
"English","anachronistic","Finnish","anakronistinen/aikansa elänyt/vanhentunut"
"English","anathema","Finnish","kirottu asia"
"English","anchorite","Finnish","erakko"
"Elven","an'givare","English","informer"
"Elven","an'givare","Finnish","ilmiantaja"
"English","annals","Finnish","vuosikirjat"
"English","anointed with","Finnish","voideltu jollakin"
"English","anserine","Finnish","hanhimainen"
"English","antediluvian","Finnish","muinainen"
"English","any grub with me","Finnish","onko sinulla mitään syötävää mukanasi?"
"English","aperture","Finnish","aukko"
"English","apogee","Finnish","korkein kohta"
"English","apologetically","Finnish","anteeksipyytävästi"
"English","apostates","Finnish","luopiot"
"English","apothecary","Finnish","apteekki"
"English","appanage of","Finnish","apanage (lahjoitettu maa tai elatuslähde)"
"English","apparation","Finnish","ilmestys/haamu"
"English","apparel","Finnish","vaatteet"
"English","appellation","Finnish","nimitys"
"English","apprehended","Finnish","pidätetty"
"English","apron","Finnish","käytävä/pöytäkoura"
"English","aquiline","Finnish","kotkamainen/kotkan kaltainen"
"English","arcana","Finnish","salaisuudet"
"English","arcana of","Finnish","salaisuudet/esoteria/mystiikka"
"English","ardous","Finnish","vaativainen/työläs"
"English","are faring","Finnish","menestyvät/pärjäävät"
"English","are you feeling a pinch","Finnish","tuntuuko sinusta niukkuutta"
"English","arid","Finnish","kuiva"
"English","arrant","Finnish","täysin/äärimmäisen"
"English","arterial","Finnish","valtimoinen"
"English","prune","Finnish","karsia/oksia/vesoa (verbi) - luumu, kuivattu luumu. vanhentunut luumu (Substantiivit/kuvaannollinen)"
"English","ascend","Finnish","nousta"
"English","Ascension Day","Finnish","Helatorstai"
"English","ascent","Finnish","nousta kiipien/ nousu/kiipeäminen/"
"English","ascetic","Finnish","askeettinen"
"English","ashen","Finnish","tuhkanharmaa"
"English","ashen face","Finnish","tuhkanharmaat kasvot"
"English","askance","Finnish","kieroon/epäluuloisesti"
"English","askew","Finnish","vinossa"
"English","aspersions","Finnish","loukkaavat puheet"
"English","assailant","Finnish","hyökkääjä"
"English","assiduously","Finnish","tunnollisesti"
"English","astir","Finnish","liikkeellä"
"English","astrologer","Finnish","astrologi"
"English","astromancy","Finnish","astromantia (tähtiennustaminen)"
"English","at full pelt","Finnish","täysillä/täyttä vauhtia"
"English","athanor","Finnish","athanor (keskiaikainen alkemistien uuni)"
"English","atonement","Finnish","sovitus"
"English","auburn","Finnish","kastanjanruskea"
"English","audacious","Finnish","rohkea"
"English","augur","Finnish","ennustaja"
"English","augury","Finnish","ennustus"
"English","auricle","Finnish","korvalehti"
"English","auspices","Finnish","ennusteet"
"English","auspicious","Finnish","suotuisa"
"English","austere","Finnish","ankara/karu"
"English","avarice","Finnish","ahneus"
"English","avaricious","Finnish","ahne"
"English","averred","Finnish","väitti/totesi"
"English","avert","Finnish","välttää"
"English","avert your eyes","Finnish","käännä katseesi pois"
"English","awry","Finnish","vinossa"
"English","bailey","Finnish","bailey (linnoituksen piha-alue)"
"English","bailiff","Finnish","vouti"
"English","balderdash","Finnish","pötypuhe/hölynpöly"
"English","balefully","Finnish","pahantahtoisesti"
"English","balustrade","Finnish","kaide"
"English","bandied","Finnish","banded"
"English","bandy","Finnish","pyöreä"
"English","bane","Finnish","turmio"
"English","banns","Finnish","vihkijulistus"
"English","bantering","Finnish","lasketteleva/leikkisä naljailu"
"English","barberry","Finnish","happomarjapensas"
"English","barber-surgeon (non?academic medical practitioner, skilled but not formally educated)","Finnish","parturi-kirurgi"
"English","barbican","Finnish","barbican (etuportti)"
"English","barded","Finnish","panssaroitu"
"English","barded arrowheads at","Finnish","päällystetyt nuolenpäät"
"English","barn","Finnish","aitta"
"English","barnyard","Finnish","pihamaa"
"English","barricade","Finnish","tukikohta"
"English","barter","Finnish","vaihtokauppa"
"English","basalt slab","Finnish","basalttilaatta"
"English","basilica","Finnish","basilika (kirkko tai julkinen rakennus)"
"English","bast","Finnish","niini"
"English","bastion","Finnish","linnoitus"
"English","batiste scarf","Finnish","batistihuivi (ohut puuvillakangas)"
"English","baton","Finnish","sauva/kapula/tahtipuikko"
"English","bawl","Finnish","parkua/huutaa kovaa"
"English","bay","Finnish","erkkeri"
"English","bay mare","Finnish","ruunikko tamma"
"English","bay window","Finnish","erkkeri-ikkuna"
"English","be budged from it","Finnish","suostua liikahtamaan siitä/antaa periksi"
"English","beadle","Finnish","kirkonvartija"
"English","beak","Finnish","nokka"
"English","bearings","Finnish","laakerit"
"English","bedaubed eyes","Finnish","sivellyt/sotketut silmät"
"English","bedecked","Finnish","koristeltu"
"English","beech","Finnish","pyökki"
"English","beech tree","Finnish","pyökkipuu"
"English","beet-like roots","Finnish","punajuuren kaltaiset juuret"
"English","befuddled","Finnish","hämmentynyt"
"English","beget","Finnish","tuottaa"
"English","beguile","Finnish","huijata"
"English","behoof","Finnish","hyöty"
"English","beldam","Finnish","vanha akka"
"English","bellow","Finnish","mylviä/karjua"
"English","bemoan","Finnish","valittaa"
"English","benediction","Finnish","siunaus"
"English","benign","Finnish","hyväntahtoinen"
"English","bereft","Finnish","menetetty"
"English","beringed","Finnish","rengastettu"
"English","berth","Finnish","paikka (laivassa tai junassa)"
"English","beseech","Finnish","anella"
"English","besiege","Finnish","saartaa"
"English","betroth","Finnish","kihlata"
"English","bezoar","Finnish","bezoaari"
"English","bezoars","Finnish","bezoarit"
"English","bight","Finnish","lahti"
"English","billet","Finnish","majoittaa"
"English","billowed","Finnish","hulmusi"
"English","bitter melon stewed","Vietnamese","m??p ??ng h?m"
"English","jewish","Vietnamese","ng??i Do Thái"
"English","blasphemy law","Vietnamese","lu?t báng b?"
"English","bivouac","Finnish","leiri"
"English","bivouacs","Finnish","bivuakit (tilapäiset leirit)"
"English","black-bereted","Finnish","musta baretti"
"English","blackguard","Finnish","roisto"
"English","blacksmith","Finnish","seppä"
"English","blanch","Finnish","kalveta"
"English","blanched","Finnish","kalpea"
"English","blanching slightly","Finnish","kalpeni hieman"
"English","blather","Finnish","höpöttää"
"English","bleak","Finnish","karu"
"English","blistered","Finnish","rakkulainen"
"English","blistering pain","Finnish","rakkulainen kipu"
"English","blithe","Finnish","huoleton"
"English","blood-gorged louse","Finnish","verentäyteinen täi"
"English","bluff","Finnish","jyrkänne"
"English","bluish shadow","Finnish","sinertävä varjo"
"English","boasted","Finnish","kehuskeli/kerskaili"
"English","bode","Finnish","ennustaa"
"English","bodge","Finnish","sählätä/tehdä huolimattomasti"
"English","bodice","Finnish","päälikkö"
"English","bodkin","Finnish","piikki/ohut tikari"
"English","bog","Finnish","suo"
"English","bombastic","Finnish","mahtipontinen"
"English","boon","Finnish","etu"
"English","boorish","Finnish","törkeä"
"English","bootlaces","Finnish","kengännauhat"
"English","booty","Finnish","saalis"
"English","booty","Finnish","saalis/ryöstösaalis/pullea peppu"
"English","borscht","Finnish","borssikeitto"
"English","bosom","Finnish","rinta"
"English","bosun","Finnish","perämies"
"English","bough","Finnish","oksa"
"English","boughs","Finnish","oksia"
"English","boughs","Finnish","oksat"
"English","boulder","Finnish","lohkare"
"English","bovine","Finnish","lehmämäinen/nautamainen"
"English","bovine","Finnish","nautamainen"
"English","bowe","Finnish","jousi"
"English","braced himself against his pommel","Finnish","tukien itsensä satulaan"
"English","bracing","Finnish","piristävä/virkistävä"
"English","bracken","Finnish","sananjalka"
"English","brambles","Finnish","karhunvatukat/Rubus-piikkipensaita"
"English","brandished","Finnish","heilutti (asetta)"
"English","brandishing","Finnish","heilauttamassa/heiluttaminen/huiskiminen/liehuttaminen"
"English","brass","Finnish","messinki"
"English","brawling","Finnish","tappelua/riitaa"
"English","brazen","Finnish","röyhkeä"
"English","breach","Finnish","rikkomus"
"English","briar","Finnish","orjantappura"
"English","bridle","Finnish","ohjat"
"English","bridled","Finnish","suitset"
"English","brigand","Finnish","rosvo/merirosvo/kavaltaja"
"English","brimmed over","Finnish","reunan yli"
"English","brindled","Finnish","kirjava"
"English","bristle","Finnish","harjas/karva (eläimen karva)"
"English","bristles","Finnish","harjakset/karvat (eläimen karvat)"
"English","bristling","Finnish","harjakset"
"English","bristly chops","Finnish","karvaiset posket"
"English","britches","Finnish","housut"
"English","broach","Finnish","aloittaa keskustelu"
"English","brocade","Finnish","brokadi (kallis kangas)"
"English","brodace canopy","Finnish","brodace-katos (keskiaikainen katos)"
"English","brook","Finnish","puro"
"English","brooked","Finnish","puroinen"
"English","brow","Finnish","otsa"
"English","brow of the hill","Finnish","kukkulan harja"
"English","brunt","Finnish","päävaikutus"
"English","brusquesly","Finnish","tylysti (brusquely)"
"English","bryony roots","Finnish","mustajuuren juuret/bryonia-juuret"
"English","buccaneer","Finnish","merirosvo"
"English","buck","Finnish","pukki"
"English","buckle under","Finnish","antaa periksi"
"English","buffet","Finnish","lyödä/täräyttää"
"English","buffoon","Finnish","koomikko/hölmöilijä"
"English","bugger","Finnish","veijari"
"English","bugger","Finnish","paskiainen"
"English","bulbous","Finnish","sipulimainen"
"English","bulged in","Finnish","pullistui sisäänpäin"
"English","bulrushes","Finnish","järvikaislat/osmankäämit"
"English","bulwark","Finnish","linnoitus"
"English","burly","Finnish","roteva/jykevä"
"English","burrowing","Finnish","kaivautuminen"
"English","bushels","Finnish","bušeli (mitta noin 36 litraa)"
"English","bustling","Finnish","kiireellisesti tohinainen"
"English","but the colt was mild-mannered","Finnish","mutta varsan luonne oli lempeä"
"English","butler","Finnish","hovimestari"
"English","buttocks","Finnish","pakarat"
"English","by the ruff","Finnish","kauluksesta kiinni"
"English","byre","Finnish","navetta"
"English","cabbalistic","Finnish","kaballistinen/salatieteellinen"
"English","cabochon","Finnish","kapussi"
"English","cadaverous","Finnish","ruumiinomainen"
"English","cairn","Finnish","kiviröykkiö/keko (kivikasa)"
"English","cairns (Pile of stones)","Finnish","Kumpu/hautaröykkiö/kiviröykkiö"
"English","caitiff","Finnish","pelkurimainen"
"English","calamity","Finnish","katastrofi/onnettomuus/vahinko/murhe"
"English","callow","Finnish","kokenematon"
"English","calumny","Finnish","herjaus/loukkaus"
"English","calves","Finnish","vasikat/pohkeet (kontekstit: nuoret lehmät/säären osa)"
"English","camarilla","Finnish","kamarilla (pieni salainen ryhmä vaikutusvaltaisia henkilöitä)"
"English","cameo","Finnish","kameo"
"English","candelabras","Finnish","kyntteliköt"
"English","cane","Finnish","nyrkki/käpy"
"English","canker","Finnish","haava"
"English","canteen","Finnish","ruokala/kanttiini/kenttäruokala/kenttäateria"
"English","canter","Finnish","kenttäpullo"
"English","cantle","Finnish","satulan selkämyksen takaosa"
"English","caparison","Finnish","koristella"
"English","caparisoned","Finnish","koristeltu"
"English","capitulation","Finnish","kapitulointi (antautuminen)"
"English","carapace","Finnish","kuori"
"English","carapace","Finnish","kuori"
"English","carnage","Finnish","teurastus/verilöyly"
"English","carotid artery","Finnish","kaulavaltimo"
"English","carouse","Finnish","juopottelu"
"English","carousing","Finnish","juhliminen"
"English","casement","Finnish","ikkunaluukku"
"English","casement window","Finnish","ikkunaluukkuikkuna"
"English","castellan","Finnish","kastelliini (linnan päällikkö)"
"English","cataract","Finnish","vesiputous"
"English","cauldron","Finnish","kattila"
"English","cavorting","Finnish","kirmailla/telmiä"
"English","cawing","Finnish","kakkaileminen/kakkailu"
"English","cedars","Finnish","setrit"
"English","chafe","Finnish","hankaantua"
"English","chaff from his eyes","Finnish","akanat hänen silmistään (kuin 'suomukset putosivat')"
"English","chaffing","Finnish","pilailu"
"English","chamberlain","Finnish","kamreeri (hovin talousjohtaja)"
"English","chamois","Finnish","kivikauris"
"English","charred","Finnish","hiiltynyt"
"English","charred stockade","Finnish","hiiltynyt paaluaita"
"English","chary","Finnish","varovainen"
"English","chasm","Finnish","kuilu"
"English","chattels","Finnish","irtaimisto"
"English","chequered","Finnish","ruudullinen"
"English","chiaroscuro","Finnish","valon ja varjon kontrasti"
"English","chide","Finnish","nuhtella/moittia"
"English","chimera","Finnish","khimera/sekoitus/illuusio/harhakuva/unelma"
"English","chirruping","Finnish","viserrys"
"English","choleric","Finnish","kiukkuinen"
"English","chrysoberyls","Finnish","krysoberyllit/kultaberyllit (jalokivi)"
"English","chub (fish)","Finnish","turpa (kala)"
"English","churl","Finnish","törppö"
"English","churlish","Finnish","törkeä/äksy"
"English","citadel","Finnish","linnoitus"
"English","clachan","Finnish","kylä (erityisesti skotlantilainen)"
"English","clairvoyant","Finnish","selvänäköinen/selvänäkijä"
"English","clamber","Finnish","kiivetä"
"English","clambered up","Finnish","kiipesi ylös"
"English","clamour","Finnish","meteli/hälinä"
"English","clandes","Finnish","klaanien"
"English","clandestinely","Finnish","salaisesti/salassa"
"English","clapboard","Finnish","laudoitus"
"English","clatter","Finnish","kolina"
"English","claymore","Finnish","claymore (kaksiteräinen skotlantilainen miekka)"
"English","cleaves","Finnish","halkoo/takertuu (kontekstista)"
"English","cling to","Finnish","kiinnittyä johonkin/pitää kiinni jostakin"
"English","cloister","Finnish","luostari"
"English","cloth-headed","Finnish","tyhmä/pölkkypää"
"English","clotted pus","Finnish","hyytynyt mäti"
"English","clout","Finnish","vaikutusvalta"
"English","cloying","Finnish","tukahduttava"
"English","clucking","Finnish","kalkatus/kotkottaminen"
"English","clutches","Finnish","otteet (kourat)"
"English","coadjutor","Finnish","adjuutori"
"English","coarse britches","Finnish","karkeat housut"
"English","cochineal","Finnish","kokenilli tai kokenillikirva. Kirvasta saatava väriaine (karmiini)"
"English","cockatrice","Finnish","kokatris (myyttinen olento, jolla on käärmeen ruumis ja kukon pää)"
"English","coif","Finnish","päähine"
"English","coition","Finnish","yhdyntä"
"English","collared","Finnish","kaulittu/pidätetty/otettu kiinni"
"English","colonnade","Finnish","sarakkeet"
"English","coltsfoot","Finnish","vuohenputki"
"English","comely","Finnish","sievä"
"English","comely","Finnish","hauskannäkoinen"
"English","comeuppance","Finnish","ansaittu rangaistus"
"English","commandant","Finnish","komendantti"
"English","commence","Finnish","aloittaa"
"English","common","Finnish","yhteismaa (common land)"
"English","compel","Finnish","pakottaa"
"English","comport","Finnish","käyttäytyä"
"English","concealed","Finnish","kätketty/piilotettu"
"English","concierge","Finnish","portieeri"
"English","concur","Finnish","olla samaa mieltä"
"English","condescend","Finnish","alentua"
"English","condole","Finnish","osallistua suruun"
"English","coney","Finnish","kartio"
"English","confidant","Finnish","uskottu"
"English","conflagration","Finnish","suurpalo/tulipalo"
"English","congealed","Finnish","jähmettynyt"
"English","conjure","Finnish","loitsia"
"English","connotation","Finnish","konnotaatio"
"English","conscientiousness","Finnish","tunnollisuus"
"English","consign","Finnish","toimittaa"
"English","consommé","Finnish","consommé (selkeä lihaliemi)"
"English","consorted with","Finnish","oli tekemisissä/seurusteli"
"English","conspicuous","Finnish","huomattava"
"English","constable","Finnish","konstaapeli"
"English","consternation","Finnish","hämmästys"
"English","contempt","Finnish","halveksunta"
"English","contorted","Finnish","vääntyneet"
"English","contorting","Finnish","vääristävä"
"English","contumely","Finnish","halventava kohtelu"
"English","conynhaela","Finnish","conynhaela (The Witcher -maailman kasviuute)"
"English","copromancer","Finnish","kakkanäkijä"
"English","copse","Finnish","metsikkö"
"English","coracle","Finnish","korakki (pieni pyöreä vene)"
"English","cormorant","Finnish","merimetso"
"English","cornets and pages were getting under each other's feet","Finnish","torvensoittajat ja sivupojat astelivat toistensa tielle"
"English","coronet","Finnish","pieni kruunu"
"English","corpulence","Finnish","pyöreys"
"English","corrigendum","Finnish","korjattava virhe"
"English","corsair","Finnish","merirosvo"
"English","corset","Finnish","korsetti"
"English","cot","Finnish","vauvansänky/lasten sänky"
"English","coterie","Finnish","piiri"
"English","cottage","Finnish","tupa"
"English","couched lances","Finnish","alas suunnatut peitset (ratsastustaistelussa)"
"English","counsel","Finnish","neuvonta/neuvo"
"English","countenance","Finnish","kasvot/ilme/hyväksyntä (kontekstista)"
"English","courtyard","Finnish","piha"
"English","cove","Finnish","lahti"
"English","covenant","Finnish","sopimus"
"English","covetous","Finnish","ahne"
"English","cowherd","Finnish","karjapaimen"
"English","coxswain","Finnish","perämies"
"English","crag","Finnish","jyrkänne"
"English","craggy","Finnish","kallioinen"
"English","craven","Finnish","pelkuri"
"English","crayfish","Finnish","rapu"
"English","credence","Finnish","uskottavuus"
"English","credence","Finnish","uskottavuus/luottamus"
"English","creed","Finnish","usko"
"English","creek","Finnish","puro"
"English","creel","Finnish","kalastuskorikassi"
"English","crescent","Finnish","puolikuu"
"English","cresset","Finnish","kressi"
"English","crestfallen","Finnish","masentunut"
"English","crevice","Finnish","halkeama"
"English","crib","Finnish","vauvan sänky"
"English","cribbage board","Finnish","cribbage-lauta (korttipeli)"
"English","cringe at","Finnish","värähtää inhosta/hävetä"
"English","cromlechs (Stone circle)","Finnish","Kivikehä"
"English","crossbowman","Finnish","jousimies/ristijousimies"
"English","crossguard","Finnish","väistinsuoja (miekan)"
"English","crotch","Finnish","haara/haarukka/haaroittuminen"
"English","crouch","Finnish","kyykistyä"
"English","croup","Finnish","kurkkumätä/lavantauti (ark.)/röhkä (hevosilla)"
"English","crowbar","Finnish","sorkkarauta"
"English","crozier","Finnish","piispan sauva"
"English","crusty","Finnish","kova kuorinen/äreä"
"English","cudgel","Finnish","nuija"
"English","cuff","Finnish","hihansuu"
"English","cuirass","Finnish","rintapanssari"
"English","culprit","Finnish","syyllinen"
"English","cupbearer","Finnish","maljan kantaja"
"English","cupidity","Finnish","ahneus"
"English","cur came scuttling out","Finnish","koira juoksi ulos"
"English","curmudgeon","Finnish","äksyilijä/katkera vanha mies"
"English","curmudgeonly","Finnish","äksyilevä/törkeä"
"English","curtseyed","Finnish","kumarsi"
"English","curtsied","Finnish","niiattu"
"English","curtsy","Finnish","kumarrus/kumartaa"
"English","curvaceous","Finnish","kurvikas"
"English","cut a caper","Finnish","hypätä iloisesti/leikkiä/temppuilla"
"English","cutpurse","Finnish","taskuvarkas/lompakkovaras"
"English","dabbles","Finnish","harrastaa kevyesti/sotkeutuu johonkin"
"English","dangling","Finnish","riiputtaa/roikkua"
"English","dapifer","Finnish","dapifer (keskiaikainen hovipalvelija)"
"English","dauntless","Finnish","peloton"
"English","dearth","Finnish","puute"
"English","debauch","Finnish","turmella/moraalinen rappio/hullutus"
"English","debauched","Finnish","turmeltunut/irstaileva"
"English","debauchery","Finnish","turmelus, irstaus"
"English","decathlon","Finnish","kymmenottelu"
"English","decisive","Finnish","päättäväinen/ratkaiseva"
"English","decoct","Finnish","keitos/uute"
"English","decoction","Finnish","keitos/uute"
"English","decorously","Finnish","säädyllisesti/arvokkaasti"
"English","decoupage","Finnish","decoupage (koristeellinen tekniikka leikkaamalla ja liimaamalla kuvia)"
"English","decree","Finnish","asetus"
"English","defaming","Finnish","kavaltaminen/kavallus"
"English","deferential","Finnish","kunnioittava"
"English","deigned","Finnish","suopeutunut"
"English","deigned","Finnish","suostui/arveli sopivaksi/armon/suosiollisesti"
"English","demesne","Finnish","demesne (maanomistajan omistama maa-alue)"
"English","demimonde","Finnish","demimonde (sosiaalinen ryhmä, joka elää moraalisesti kyseenalaisella tavalla)"
"English","denizen","Finnish","asukas"
"English","dently","Finnish","(virheellinen muoto?) ehkä 'gently' = lempeästi"
"English","deplorable","Finnish","surkea"
"English","derelict","Finnish","hylätty"
"English","desideratum","Finnish","toivottu asia"
"English","desirous to stress the chasm deviding us","Finnish","haluten korostaa meitä erottavaa kuilua"
"English","desolate","Finnish","autio"
"English","despairing","Finnish","toivoton"
"English","despoil","Finnish","raukkoittaa/tuhoittaa"
"English","despot","Finnish","hirmuhallitsija"
"English","devour","Finnish","ahmia/hotkia"
"English","devout","Finnish","hurskas/harras/uskovainen/hengellinen"
"English","dew","Finnish","kaste"
"English","dextrous","Finnish","kätevä tai taitava"
"English","diadem","Finnish","diadeemi (kruunu)"
"English","diaphanous","Finnish","läpinäkyvä"
"English","didn't bruit who I am","Finnish","ei levittänyt tietoa siitä kuka olen"
"English","dilettante","Finnish","dilettantti (harrastelija tai amatööri)"
"English","dint","Finnish","voima/vaikutus"
"English","dippers","Finnish","dippers"
"English","dirigible","Finnish","ilmapallo"
"English","discomfit","Finnish","hämmentää"
"English","disconsolate","Finnish","lohduton"
"English","discreetly","Finnish","hienovaraisesti"
"English","discretion","Finnish","harkinta/varovaisuus"
"English","disdain","Finnish","halveksunta"
"English","disheveled","Finnish","sotkuinen"
"English","disinclined","Finnish","haluton/epähalukas/vastahakoinen"
"English","dismal","Finnish","synkkä"
"English","dispel","Finnish","halventaa"
"English","dispute","Finnish","riita/kiista"
"English","disseminated","Finnish","levitetty"
"English","dissipated","Finnish","hajonnut/rappeutunut/tuhlaileva (kontekstista)"
"English","dissolute","Finnish","hajamielinen"
"English","dissuade","Finnish","suostutella toisin"
"English","distaff side","Finnish","naisten puoli/äidin suku"
"English","distinct dip in the centre","Finnish","selvä kuoppa keskellä"
"English","distraught","Finnish","suunniltaan"
"English","divine","Finnish","jumalallinen"
"English","diviner","Finnish","ennustaja"
"English","docile","Finnish","helposti ohjattava/tottelevainen"
"English","doffed","Finnish","riisuttu"
"English","doggedly","Finnish","itsepintaisesti"
"English","dolmens (Stone burial chamber)","Finnish","kiviröykkiöhauta/kiviröykkiö"
"English","dolorous","Finnish","surumielinen"
"English","dolt","Finnish","tyhmä/tyhmyri/hölmö"
"English","don't fret","Finnish","älä huoli"
"English","don't gush","Finnish","älä intoile"
"English","doppelgänger","Finnish","kaksoisolento"
"English","dormer","Finnish","ullakkoluukku"
"English","dormer window","Finnish","ullakkoluukku"
"English","dossier","Finnish","dokumenttikansio"
"English","doublets","Finnish","dubletit"
"English","doughty","Finnish","urhea"
"English","doughty","Finnish","urhea/tarmokas"
"English","dour","Finnish","ankea"
"English","dour and cross","Finnish","ankea ja äreä"
"English","dout","Finnish","sammuttaa (vanha sana)"
"English","dovecote","Finnish","kyyhkytorni"
"English","downcast","Finnish","masentunut"
"English","downpour","Finnish","rankkasade"
"English","dram","Finnish","tilkka (viinaa)"
"English","draped","Finnish","draped"
"English","drapeerattu","Finnish","racket"
"English","drapeerattu","Finnish","racket"
"English","dregs","Finnish","pohjat"
"English","drenched","Finnish","läpimärkä"
"English","drenching","Finnish","läpimärkä"
"English","drink bait","Finnish","kyytipoika"
"English","drivelling","Finnish","höpötys/höpöttely"
"English","drizzle","Finnish","tihkusade"
"English","drooped limply","Finnish","roikkui löysästi"
"English","drudge","Finnish","orjatyö"
"English","dry stalks","Finnish","kuivat varret"
"English","ducat","Finnish","dukaatti"
"English","duchess","Finnish","herttuatar"
"English","duenna","Finnish","duenna (naisen päähine)"
"English","duke","Finnish","herttua"
"English","dulcimer","Finnish","kannel"
"English","dun","Finnish","harmaa/ruskea"
"English","dung","Finnish","lantta"
"English","dunghill","Finnish","lantakasa"
"English","duress","Finnish","pakko"
"English","dwindled away","Finnish","hiipui/kutistui pois/hävisi vähitellen"
"English","dysentry","Finnish","dysenteria (verinen ripuli)"
"English","earwig","Finnish","korvayökkönen (hyönteinen)"
"English","ebullient","Finnish","innokas"
"English","edict","Finnish","asetus/päätös"
"English","edifice","Finnish","rakennus"
"English","eerily","Finnish","kummallisesti/aavemaisesti"
"English","efface","Finnish","poistaa"
"English","effigies","Finnish","kuvahahmot/patsaat/nuket"
"English","effing","Finnish","helvetin/saamarin (voimasanana)"
"English","effluvium","Finnish","haju/epämiellyttävä haju"
"English","egress","Finnish","uloskäynti"
"English","eldritch","Finnish","kummallinen"
"English","elegiac","Finnish","valitushuutoon liittyvä"
"English","elk","Finnish","hirvi"
"English","elude","Finnish","vältellä"
"English","emaciated","Finnish","riutunut/laiha"
"English","emanating","Finnish","säteilevä"
"English","embark on your return journey","Finnish","aloita paluumatkasi"
"English","embellished","Finnish","koristeltu"
"English","embellishing","Finnish","kaunistelu/koristelu"
"English","embers","Finnish","hehkuvat kekäleet"
"English","emblem sewn","Finnish","ommeltu tunnus"
"English","embolding","Finnish","rohkaisu"
"English","emerging from it","Finnish","siitä nouseva"
"English","eminent","Finnish","korkea-arvoinen"
"English","emollient","Finnish","pehmentävä"
"English","encamped","Finnish","leiriytynyt"
"English","enclave of","Finnish","saareke/enklava/erillinen alue/siirtokunta"
"English","encomium","Finnish","ylistys"
"English","enfeebled","Finnish","heikentynyt"
"English","enlivened","Finnish","elävöitetty"
"English","ensnared","Finnish","ansaan joutunut"
"English","entreat","Finnish","anella"
"English","entwined in ivy","Finnish","murattiin kietoutunut"
"English","ephemeral","Finnish","lyhytikäinen"
"English","epicure","Finnish","epikurealainen (hieno maku)"
"English","epilogue","Finnish","epilogi"
"English","epistolary","Finnish","kirjeenvaihtoon liittyvä"
"English","epitaph","Finnish","kivikirjoitus/hautakirjoitus"
"English","equine","Finnish","hevosiin liittyvä"
"English","erectile","Finnish","erektiivinen"
"English","eristäytynyt","Finnish","cuddling,halailu"
"English","escarpment","Finnish","jyrkänne"
"English","eschew","Finnish","välttää"
"English","espy","Finnish","havaita"
"English","esquire","Finnish","esikoinen/ritari"
"English","ethereal","Finnish","eetterinen/hengellinen/hauras/keveä"
"English","evince","Finnish","todistaa"
"English","execrate","Finnish","kirota"
"English","exegesis","Finnish","selitys/tulkinta"
"English","exequatur","Finnish","eksekvaattori (diplomaattinen lupa)"
"English","exhort","Finnish","kehottaa"
"English","exhume","Finnish","hautaamalla/hautaamaan"
"English","expedient","Finnish","tarkoituksenmukainen"
"English","expedite","Finnish","nopeuttaa"
"English","expiate","Finnish","sovittaa"
"English","expiation","Finnish","sovitus"
"English","extirpate","Finnish","juuria pois"
"English","extol","Finnish","ylistää"
"English","eyehead","Finnish","silmäpää/silmämunan osa/silmänpohja/silmän sisäosa"
"English","facade","Finnish","julkisivu"
"English","faeces","Finnish","uloste"
"English","fain","Finnish","mielellään"
"English","fallow","Finnish","leto/viljelty maa/pellon lepo"
"English","falter","Finnish","epäröidä"
"English","farmyard curs","Finnish","pihakoirat/rähjäiset piskit"
"English","farrago","Finnish","sekasotku"
"English","farthing","Finnish","farthing (vanha kolikko)/mitätön summa"
"English","fathom","Finnish","ymmärrys"
"English","fealty","Finnish","uskollisuus (feodaalinen vala)"
"English","feebly","Finnish","heikosti"
"English","feign","Finnish","tekeytyä"
"English","felled","Finnish","kaadettu"
"English","fen","Finnish","neva"
"English","feral dogs","Finnish","villikoirat"
"English","ferret","Finnish","ferretti (pieni petoeläin)"
"English","fervent","Finnish","kiihkeä"
"English","festered","Finnish","mätäneminen"
"English","fetlock","Finnish","kintere/kantapää"
"English","fettle","Finnish","kunto"
"English","feudatory","Finnish","vasalli (feodaalinen alamainen)"
"English","feuding","Finnish","riitely/veririita"
"English","feverishly","Finnish","kuumeisesti"
"English","fiduciary","Finnish","luottamuksellinen"
"English","fiefdom","Finnish","läänitys"
"English","field","Finnish","pelto"
"English","filch","Finnish","varastaa"
"English","filigree","Finnish","filigraani (herkkä metallityö)"
"English","filigree","Finnish","filigraani (hienostunut metallityö)"
"English","fjord","Finnish","vuono"
"English","flageolet","Finnish","pieni huilu"
"English","flails","Finnish","varstat/piiskat (aseena)"
"English","flamboyantly","Finnish","loistokkaasti/loisteliaisesti/prameasti/mahtipontisesti"
"English","flaxan","Finnish","pellava"
"English","flay","Finnish","nahkia/riiputtaa/nyhertää/riiputtaa nahka/riipua"
"English","fledge","Finnish","sulistaa"
"English","fleeced","Finnish","huijattu/riistetty"
"English","fletching","Finnish","nuolen sulitus"
"English","flinging","Finnish","heittaytyminen"
"English","flint blades","Finnish","piikiviterät"
"English","flitted","Finnish","liehui"
"English","florid","Finnish","punertava"
"English","florin","Finnish","Nilfgaardin florini (valuutta)"
"English","flotsam","Finnish","laivan jäänteet"
"English","flout","Finnish","halveksia"
"English","flunkey","Finnish","lakeija"
"English","fobbish","Finnish","hölmö"
"English","fodder","Finnish","rehu"
"English","foist","Finnish","työntää"
"English","fold","Finnish","karsina"
"English","foliage","Finnish","lehvistö"
"English","foliage","Finnish","lehvästö"
"English","foppish","Finnish","turhamainen/pröystäilevä"
"English","for strumpets to wear","Finnish","lutkien käyttöön"
"English","foray","Finnish","rynnäkkö/hyökkäys/retki"
"English","forbear","Finnish","pidättäytyä"
"English","ford","Finnish","pohja/virta/matala kohta/pohjavesi/kahlata"
"English","foreboding","Finnish","aavistus"
"English","forge","Finnish","takomo"
"English","forlorn","Finnish","toivoton"
"English","fortnight","Finnish","kaksiviikkoinen"
"English","fortuneteller","Finnish","ennustaja"
"English","foster","Finnish","edistää"
"English","foundry","Finnish","valimo"
"English","fracas","Finnish","tappelua"
"English","frantic","Finnish","hurjentunut"
"English","fraternal help","Finnish","veljellinen apu"
"English","fraught","Finnish","täynnä"
"English","fray","Finnish","riita/tappel"
"English","frenzy","Finnish","hurjuus"
"English","frenzy","Finnish","raivo/hurmos"
"English","fret","Finnish","huolehtia/hermoilla"
"English","frevour","Finnish","into"
"English","friendly disposition","Finnish","ystävällinen luonne/taipumus"
"English","frieze","Finnish","friesi (koristeellinen vaakasuora kaistale seinässä)"
"English","fringe","Finnish","otsatukka"
"English","fringe","Finnish","hapsut"
"English","frock","Finnish","mekko"
"English","frolicking","Finnish","peuhata/telmiä"
"English","froth appreared","Finnish","vaahto ilmestyi"
"English","fulcrum","Finnish","vipuvarsi/tukipiste"
"English","fuller","Finnish","miekan keskiosa terän vahvistamiseksi"
"English","fumble","Finnish","sählätä"
"English","funereal","Finnish","hautajaisiin liittyvä"
"English","funnel","Finnish","suppilo"
"English","furl","Finnish","kääriä"
"English","furlong","Finnish","furlong (vanha pituusyksikkö ~201 m)"
"English","furlong","Finnish","furlong (mittayksikkö)"
"English","furlough","Finnish","loma/virkavapaa"
"English","furrow","Finnish","ura"
"English","fussy","Finnish","huolimaton/huolellinen"
"English","gadabout","Finnish","huvituksia etsivä henkilö/kulkuri/juhlija/seikkailija"
"English","gaiters","Finnish","säärystimet"
"English","gaiters","Finnish","säärystimet"
"English","gale","Finnish","kova tuuli (myrsky)"
"English","gallop","Finnish","laukkaaminen/laukka/kylmäpullo"
"English","gallows","Finnish","hirsipuu/riippumispuu"
"English","gambeson","Finnish","haarniskan pehmuste"
"English","gambit","Finnish","gambit (aloitus siirto shakissa)"
"English","gambol","Finnish","leikkiä"
"English","gander","Finnish","hanhi/hanhikoiras"
"English","gannet","Finnish","meriharakka"
"English","gargoyle","Finnish","gargoili/koristepatsas"
"English","garland","Finnish","seppele"
"English","garrison","Finnish","varuskunta"
"English","garrulous","Finnish","lörpöttelevä/jaaritteleva"
"English","garrulousness","Finnish","lörpöttely/jaarittelu"
"English","gashed forehead","Finnish","viilto otsassa"
"English","gatehouse","Finnish","porttitorni"
"English","gauche","Finnish","kömpelö/epäkohtelias"
"English","gaudily","Finnish","räikeästi/mauttomasti"
"English","gaudy","Finnish","kirjava/mauton/prameileva"
"English","gaunt","Finnish","riutunut"
"English","gauntlet","Finnish","haarniskahanska/haaste (kontekstista)"
"English","gaunzy","Finnish","hankaava"
"English","gauzy","Finnish","ohut"
"English","gawping","Finnish","tuijottaa ällistyneenä"
"English","gazebo","Finnish","huvimaja"
"English","gendarme","Finnish","gendarme (sotilaspoliisi)"
"English","gestalt","Finnish","gestalt (kokonaisuus, joka on enemmän kuin osiensa summa)"
"English","gesticulating","Finnish","elehtiä"
"English","get frit","Finnish","pelästyä/säikähtää"
"English","gibbet","Finnish","hirsipuu"
"English","gibbet","Finnish","hirsipuu/hirttopaalu/teloituspuu"
"English","gibbets","Finnish","kärsimyspaikka/kylpykammio"
"English","giddy","Finnish","ajattelematon"
"English","gilded","Finnish","kullattu"
"English","gill","Finnish","pieni mitta/nokka/evä (kala)"
"English","gimlet","Finnish","porakalu/ruuvipora/kierreporakalu"
"English","gingerly","Finnish","varovasti"
"English","girth","Finnish","ympärys"
"English","giving the old warrior a scolding look","Finnish","antamalla vanhalle soturille nuhtelevan katseen"
"English","gizzard","Finnish","kurkku/maha (lintujen)/rousku (eläinten)"
"English","glade","Finnish","aukio/aukea"
"English","glaive","Finnish","varsiase/glaivi/keihäs (keskiaikainen ase)"
"English","glamarye","Finnish","taikahuntu/lumous (fantasiatermi)"
"English","glaring at","Finnish","tuijottaa vihaisesti"
"English","glazed","Finnish","lasitettu/kiiltävä"
"English","gleam","Finnish","välke"
"English","glint","Finnish","kimallus"
"English","gloom","Finnish","hämäryys"
"English","glum","Finnish","mielialaton"
"English","gluttony","Finnish","nälkäinen/huvittelu"
"English","gnarled","Finnish","knotuinen"
"English","gnashing","Finnish","hampaiden kiristys"
"English","gnawed","Finnish","jyrsitty"
"English","goad","Finnish","kiihottaa"
"English","gobble","Finnish","ahmaista"
"English","gobbling turkey","Finnish","kalkattava kalkkuna"
"English","Good Friday","Finnish","Pitkäperjantai"
"English","gorge","Finnish","kanjoni"
"English","gossamer","Finnish","hento/ohut"
"English","gown","Finnish","puku"
"English","gown with a train help up by a page in a short","Finnish","puku jossa on laahus jonka sivu auttaa lyhyessä ajassa"
"English","granary","Finnish","viljavarasto"
"English","grandiloquent","Finnish","mahtipontinen"
"English","grapple","Finnish","kamppailla"
"English","gratuitous","Finnish","aiheeton"
"English","gravamina","Finnish","gravamina"
"English","greed","Finnish","ahneus"
"English","greed","Finnish","ahneus"
"English","greenfinches","Finnish","viherpeippoja"
"English","griddle","Finnish","paistinpannu"
"English","gridle","Finnish","hihna/vyö"
"English","grin","Finnish","virnistys"
"English","grinning","Finnish","virnistäen"
"English","grit","Finnish","sora"
"English","gritted","Finnish","kiristi (hampaita)"
"English","groat","Finnish","groatti (keskiaikainen hopearaha)"
"English","groats","Finnish","hiutaleet/ruishiutaleet/kaurahiutaleet"
"English","groping around","Finnish","haparoiden"
"English","grouse","Finnish","metso/teeri (riistalintu)"
"English","grove","Finnish","lehto"
"English","grovel","Finnish","ryömiä"
"English","growled","Finnish","murahti"
"English","grumbling","Finnish","murina/murjotus/valitus/nurina/nurkuminen"
"English","gryphons","Finnish","griffonit/aarnikotkat"
"English","guano","Finnish","guano (lintujen uloste)"
"English","guffawing","Finnish","röhönauraminen"
"English","guile","Finnish","juonikkuus"
"English","guisarmes","Finnish","halkipyssyt/hilparit (keskiaik. aseet)"
"English","gully","Finnish","uoma"
"English","gulped","Finnish","nielaisi"
"English","gummed-up eyelids","Finnish","rähmääntyneet silmäluomet"
"English","gush","Finnish","ryöppy"
"English","guzzling","Finnish","ahmiminen/juominen (paljon ja nopeasti)"
"English","gwyhyrs","Finnish","gwyhyr-miekat (mytologinen ase)"
"English","hackbut","Finnish","hakkapeliitta/hackbut (varhainen tuliluotiase)"
"English","hagberry","Finnish","pihlajanmarja"
"English","haggling","Finnish","tinkiminen"
"English","hailstone","Finnish","rae"
"English","hajareisin","Finnish","seams"
"English","halberd","Finnish","halkopilli/halberdi (pitkä keihäs, jossa kirveen terä)"
"English","halcyon","Finnish","rauhallinen/levollinen"
"English","hale","Finnish","terve"
"English","hamlet","Finnish","kylänen/pikkukylä"
"English","hand ointment","Finnish","käsivoide"
"English","hansa","Finnish","Hanseatic League"
"English","haphazardly","Finnish","satunnaisesti/huolimattomasti"
"English","hapless","Finnish","onneton"
"English","harbinger","Finnish","enne"
"English","hard tack","Finnish","kovaa muonaa/leipää/kova eväs/kovaa ruokaa"
"English","hark","Finnish","ajatella/pohtia"
"English","harquebus","Finnish","harkku/harkkuase (varhainen tuliluotiase)"
"English","harrow","Finnish","äestä/karhia (maataloudessa) / kuvaannollisesti kiusata, raastaa tai vaivata (verbi)"
"English","harrying","Finnish","ahdistelu"
"English","haruspicy","Finnish","haruspikia (sisäelinten ennustaminen)"
"English","hatch","Finnish","luukku"
"English","hauberk","Finnish","hauberk (haarniskan y  läosa, joka peittää vartalon ja käsivarret)"
"English","haunch","Finnish","lonkka/lannea/takaneljännestä/takapuoli/takajalka (viitaten erityisesti reisiluun yläosaan ja pakaraan)"
"English","haunches","Finnish","reisien"
"English","hauntly","Finnish","aavemaisesti/kummittelevasti"
"English","hautboy","Finnish","hautboy (vanha puupuhallin"
"English","hawked and spat","Finnish","yski ja sylki"
"English","hawkers","Finnish","kaupustellijat/katumyyjät"
"English","haybale","Finnish","heinäpaali"
"English","hayloft","Finnish","heinälato"
"English","hayrick","Finnish","heinäkasa"
"English","haystack","Finnish","heinäkasa"
"English","haze","Finnish","usva/utu"
"English","hazel","Finnish","pähkinänruskea"
"English","hearth","Finnish","takka"
"English","heath","Finnish","nummi"
"English","heathen","Finnish","pakana"
"English","heathland","Finnish","nummimaa"
"English","hedge","Finnish","aita"
"English","hedgerow","Finnish","pensasaita"
"English","hefting","Finnish","nostella/tunnustella painoa"
"English","helve","Finnish","kahva"
"English","hemlock","Finnish","myrkkykeiso"
"English","hemp field","Finnish","hamppupelto"
"English","hennin","Finnish","hennin (keskiaikainen naisten korkea hattu)"
"English","her eyes, which were smarting and watering","Finnish","hänen silmänsä, jotka kirvelivät ja vuotivat"
"English","her gear","Finnish","hänen varusteensa"
"English","her larynx and temples","Finnish","hänen kurkunpää ja ohimot"
"English","her quarry","Finnish","hänen saaliinsa"
"English","herd","Finnish","lauma"
"English","herdsman","Finnish","karjapaimen"
"English","hermit","Finnish","erakko"
"English","hetman","Finnish","hetmani/sotapäällikkö (itäeurooppalainen sotilasjohtaja)"
"English","hewn","Finnish","hakattu"
"English","hexed people","Finnish","kirotut ihmiset"
"English","hie","Finnish","kiiruhtaa"
"English","hinder","Finnish","estää"
"English","hirvi","Finnish","pincers"
"English","his rump","Finnish","hänen takapuolensa"
"English","hitched","Finnish","valjastettu/kiinnitetty"
"English","hither and thither","Finnish","tänne ja sinne"
"English","hitherto","Finnish","tähän asti"
"English","hoary","Finnish","harmaa/vanha"
"English","hodgepodge","Finnish","sekamelska"
"English","hog","Finnish","sika"
"English","hogwash","Finnish","pötypuhe"
"English","honking","Finnish","kaakatus (hanhen ääni)"
"English","hooch","Finnish","pontikka/viina"
"English","hoof","Finnish","kavio"
"English","hoof-fall","Finnish","kavion putoaminen"
"English","hooked pincers","Finnish","koukkuiset pihdit"
"English","hooter","Finnish","torvi/nenä (ark.)"
"English","hooves","Finnish","kaviot"
"English","horrendus","Finnish","(virheellinen muoto) 'horrendous' = hirvittävä"
"English","hovel","Finnish","mökkikylä"
"English","hovel of","Finnish","mökki/hökkeli"
"English","hubris","Finnish","ylimielisyys/hybriksen tunne"
"English","huddle","Finnish","kyykkyyn/kyyristyä yhteen/kerääntyä yhteen"
"English","hulking","Finnish","valtava"
"English","hunched","Finnish","kumartunut"
"English","hunkered","Finnish","kyykistynyt/kyykistäytynyt"
"English","hurled","Finnish","heitti"
"English","lazy","German","faul"
"English","I am lazy","German","Ich bin faul"
"English","I am frustrated. I will go the near pub and cry there","German","Ich bin frustriert. Ich werde in die nächste Kneipe gehen und dort weinen"
"English","I am keeping my counsel","Finnish","pidän mielipiteeni itselläni"
"English","I don't have any grub with me","Finnish","minulla ei ole mitään syötävää mukanani"
"English","I have adapted","Finnish","olen mukautunut"
"English","I must have taken quite a tumble","Finnish","minun täytyy olla ottanut melkoisen kaatumisen"
"English","i reckon","Finnish","luulen"
"English","I still cannot believe that the conscience of not one sorcerer was pricked","Finnish","en voi vieläkään uskoa, että yhdenkään noidan omatuntoa ei kolkutettu, pricked=pistetty"
"English","I will make a gush to the rocks","Finnish","teen ryöpyn kallioille"
"English","icicles","Finnish","jääpuikot"
"English","idiocy","Finnish","typeryys"
"English","ignominious","Finnish","häpeällinen "
"English","I'm superficial. Your eye caught my attention.","Finnish","olen pinnallinen. Sinun silmäsi kiinnitti huomioni."
"English","imbue","Finnish","läpäistä"
"English","impart","Finnish","jakaa"
"English","impasse","Finnish","umpikuja/solmukohta/kriittinen tilanne/pysähtyneisyys"
"English","impeccable","Finnish","moitteeton"
"English","impel","Finnish","ajaa/työntää"
"English","impend","Finnish","uhata"
"English","imperator","Finnish","keisari"
"English","imperatorness","Finnish","keisarinna"
"English","imperatrice","Finnish","keisarinna (ransk.)"
"English","imperceptibly","Finnish","huomattavasti"
"English","impetousness","Finnish","kiihkeys/impulsiivisuus/rohkeus/uhkarohkeus"
"English","impetuous","Finnish","kiihkeä/impulsiivinen/rohkea/uhkarohkea"
"English","impetus","Finnish","impulssi (liike)/työntövoima"
"English","implore","Finnish","anella"
"English","imprecation","Finnish","kiroaminen"
"English","improvident","Finnish","huoleton"
"English","imprudent","Finnish","harkitsematon"
"English","impudent","Finnish","röyhkeä"
"English","impudently","Finnish","röyhkeästi"
"English","impute","Finnish","lukea jonkun syyksi"
"English","in a wide arc","Finnish","laajassa kaaressa"
"English","in circular depression","Finnish","pyöreässä painaumassa"
"English","in disguise","Finnish","valepuvussa"
"English","in his cups","Finnish","hänen kupeissaan"
"English","in rhw ooze","Finnish","rhyssä"
"English","inadequate","Finnish","epäpätevä"
"English","inane","Finnish","tyhmä"
"English","incandescent","Finnish","hehkuva/tulistunut"
"English","incantation","Finnish","taikasana/taikakirjoitus"
"English","incense","Finnish","suututtaa"
"English","incessantly","Finnish","lakkaamatta"
"English","incited","Finnish","yllytetty"
"English","inclement","Finnish","epäkohtelias"
"English","incontrovertibly","Finnish","kiistattomasti"
"English","incorporate","Finnish","sisällyttää"
"English","incorrigible","Finnish","parantumaton/toivoton tapaus"
"English","incumbent","Finnish","velvollinen"
"English","indefatigable","Finnish","väsymätön"
"English","indigent","Finnish","köyhä"
"English","indignantly","Finnish","suuttuneena/suuttuneesti/kärähtäen"
"English","indolent","Finnish","laiska"
"English","indubitably","Finnish","epäilemättä"
"English","ineffable","Finnish","sanaton"
"English","ineptitude","Finnish","osaamattomuus"
"English","inert","Finnish","inertti"
"English","inevitable","Finnish","väistämätön"
"English","informer","Finnish","ilmiantaja"
"English","ingenuity","Finnish","keksintökyky"
"English","ingratiate","Finnish","tehdä itsensä miellyttäväksi"
"English","inimitable","Finnish","ainutlaatuinen"
"English","iniquities","Finnish","vääryydet/pahuudet/epäoikeudenmukaisuudet/rikokset/synnit/rikollisuudet"
"English","inlet","Finnish","lahdenpoukama"
"English","innards","Finnish","sisälmykset"
"English","insatiable","Finnish","tyydyttämätön"
"English","insidious","Finnish","petollinen"
"English","insinuations","Finnish","vihjaukset"
"English","insolent","Finnish","röyhkeä"
"English","instigated","Finnish","yllytetty"
"English","instigator","Finnish","yllyttäjä"
"English","insufficient","Finnish","riittämätön"
"English","insuperable","Finnish","ylivoimainen"
"English","insurrectionary confederation","Finnish","kapinallinen liittouma"
"English","intarsia","Finnish","intarsia (sisustukseen upotettu koristekuvio)"
"English","interment","Finnish","hautajaiset"
"English","interpose","Finnish","asettua väliin"
"English","intractable","Finnish","itsepintainen"
"English","intrigue","Finnish","juonittelu/salaliitto/juoni"
"English","invective","Finnish","herjaus"
"English","invigorating","Finnish","virkistävä"
"English","invisible pincers","Finnish","näkymättömät pihdit"
"English","ironmongery","Finnish","rautatavara/rautakauppatavara"
"English","it transpired","Finnish","kävi ilmi"
"English","jagged ridge","Finnish","särmikäs harjanne"
"English","jaunty","Finnish","hilpeä"
"English","jeering","Finnish","pilkkaaminen/naureskelu"
"English","jennet","Finnish","jennet (pieni, ketterä ratsu)"
"English","jeopardize","Finnish","vaarantaa"
"English","jocund","Finnish","iloinen"
"English","joust","Finnish","joust (ristijousi)"
"English","jovial","Finnish","hyväntuulinen"
"English","jovially","Finnish","iloisesti/hyväntuulisesti"
"English","jubilant","Finnish","riemukas"
"English","judicious","Finnish","harkitseva/viisas"
"English","juniper","Finnish","kataja"
"English","kauhat","Finnish","ruffles"
"English","keeled over","Finnish","kaatui/rojahti kumoon"
"English","keen","Finnish","terävä"
"English","keep","Finnish","päätorni (keep, linnan päärakenne)"
"English","contempt","Finnish","halveksunta"
"English","kennel","Finnish","koiratarha"
"English","keppi","Finnish","ochre"
"English","kerchief","Finnish","huivi"
"English","kettle hats","Finnish","kattilahatut (leveäreunaiset kypärät)"
"English","kiireinen","Finnish","dipper kauha"
"English","kiln","Finnish","polttouuni"
"English","kilter","Finnish","tasapaino (idiomi: out of kilter = pois tolaltaan)"
"English","kimeeri","Finnish","astride"
"English","kirjava","Finnish","pebble"
"English","from the knout","Finnish","ruoskaniskusta"
"English","knout","Finnish","ruoska/piiska"
"English","kite","Finnish","kovaotteiset"
"English","kith and kin","Finnish","sukulaiset ja ystävät "
"English","kitsch","Finnish","bonking"
"English","kivi","Finnish","gentle arc lempeä kaari"
"English","knave","Finnish","juonittelija"
"English","knave","Finnish","Iurjus"
"English","knave","Finnish","roisto/konna"
"English","knitbone","Finnish","luukalvo"
"English","knobbly joints","Finnish","kyhmyiset nivelet"
"English","knothole","Finnish","solmukko/solmukon aukko/puun solmukohta"
"English","kurgans (Earthen burial mound)","Finnish","maahaudattu kumpu/maavainajaiskumpu/hautakumpu"
"English","lace cuff","Finnish","pitsihihansuu"
"English","lack of","Finnish","puute"
"English","lacquered","Finnish","lakattu"
"English","ladle","Finnish","kauha"
"English","ladybug","Finnish","leppäkerttu"
"English","lambent","Finnish","leimuava"
"English","lament","Finnish","valitus"
"English","lamented","Finnish","valitti/suri"
"English","lance","Finnish","keihäs"
"English","lances","Finnish","keihäät"
"English","lancet","Finnish","teräväkärkinen"
"English","lancet arch","Finnish","teräväkaari-aukko"
"English","lancet window","Finnish","teräväkaari-ikkuna"
"English","landau","Finnish","landau (avoin vaunu)"
"English","languid","Finnish","heikko"
"English","languishing","Finnish","kituuttaminen"
"English","languor","Finnish","väsymys"
"English","larches","Finnish","lehtikuuset"
"English","lard","Finnish","laardi/sika rasva"
"English","lariat","Finnish","lasso"
"English","larynx","Finnish","kurkunpää"
"English","lascivious","Finnish","himoitteleva"
"English","lascivious","Finnish","irstaileva/himokas"
"English","laterally into prime","Finnish","sivuttaisesti prime-asentoon (miekkailutermi)"
"English","lattice","Finnish","ruudukko/verho/ritilä"
"English","lattice window","Finnish","ritiläikkuna"
"English","layabout","Finnish","laiskuri/velttoilija"
"English","leather bracer","Finnish","nahkainen rannesuoja"
"English","lecherous","Finnish","ahne"
"English","ledge","Finnish","kieleke"
"English","ledge","Finnish","reunus"
"English","leprechaun","Finnish","menninkäinen"
"English","Let the whole world cower before thee","Finnish","Anna koko maailman kyyristyä sinun edessäsi"
"English","leveling mortar","Finnish","tasoituslaasti"
"English","levies taxes on","Finnish","perii veroja"
"English","lewdly","Finnish","siveetön"
"English","lice","Finnish","täit"
"English","licentious","Finnish","raiskaileva"
"English","lilt of","Finnish","sävelmä"
"English","lips begin to quiver","Finnish","huulet alkoivat väristä"
"English","lithe","Finnish","notkea"
"English","lithely","Finnish","notkeasti"
"English","liver divination","Finnish","maksasta ennustaminen"
"English","livery","Finnish","livree"
"English","loaf","Finnish","leipälimppu"
"English","loam","Finnish","multamaa"
"English","lode","Finnish","malmijuoni"
"English","lodge","Finnish","majatalo"
"English","lodges","Finnish","majat/majatalot"
"English","loll","Finnish","roikkua"
"English","lolling","Finnish","roikottaa/roikkua"
"English","louse","Finnish","täi (monikko: lice)"
"English","lout","Finnish","törppö"
"English","loutish","Finnish","törkeä"
"English","lugubrious","Finnish","surumielinen"
"English","lugubrious","Finnish","synkkä/surumielinen"
"English","lukewarm","Finnish","haalea/penseä"
"English","lumbago","Finnish","noidannuoli (alaselkäkipu)"
"English","lungwort","Finnish","keuhkoruoho"
"English","lurid","Finnish","kirkas/karmaiseva"
"English","lustreless","Finnish","kiilloton"
"English","macabre","Finnish","makaaberi"
"English","machicolations","Finnish","muurien/tornien aukot joista heitettiin esineitä tai kuumaa"
"English","madrigal","Finnish","madrigaali (moniääninen laulu)"
"English","maelstrom","Finnish","pyörremyrsky"
"English","magnanimity","Finnish","jalomielisyys"
"English","magnanimous","Finnish","jalomielinen"
"English","magpie","Finnish","harakka"
"English","maidenhead","Finnish","neitsyys"
"English","mail","Finnish","haarniska/ketjupanssari"
"English","diehards","Finnish","periksiantamattomat/sinnikäs joukko/itsepäiset henkilöt"
"English","making the bay sit down on its haunches","Finnish","saaden ruunikon istumaan takajaloilleen"
"English","malign","Finnish","pahantahtoinen"
"English","manacle","Finnish","kahlita"
"English","mandate","Finnish","valtuutus"
"English","mandibles","Finnish","leuat/leukaperät"
"English","mangonel","Finnish","mangoneli (heitinkone)"
"English","mangy","Finnish","rähjäinen"
"English","mangy","Finnish","rähjäinen"
"English","manhandle","Finnish","käsitellä raa'asti"
"English","manneguins","Finnish","mannekiinit (oletettavasti 'mannequins')"
"English","manor","Finnish","kartano"
"English","mantic","Finnish","ennustaja"
"English","mantle","Finnish","viitta"
"English","manure","Finnish","lannoite"
"English","maraud","Finnish","rosvoilla"
"English","marauders","Finnish","ryöstelijät"
"English","marsh","Finnish","räme"
"English","marshal","Finnish","marsalkka"
"English","marshaled (American)","Finnish","koottu/järjestetty/ohjattu"
"English","marshalled (British)","Finnish","koottu/järjestetty/ohjattu"
"English","marsupial","Finnish","pussieläin"
"English","martial","Finnish","sotilaallinen"
"English","mash","Finnish","mäski"
"English","massif","Finnish","vuorijono/massiivi"
"English","mastiff","Finnish","mastiffi (suuri koirarotu)"
"English","maudlin","Finnish","liiallisesti tunteellinen"
"English","maundered","Finnish","jutusteli/jaaritteli"
"English","maundering","Finnish","jutustelu"
"English","May Day","Finnish","Vappupäivä"
"English","mayflies","Finnish","sääsket"
"English","mead","Finnish","mehu/sima/juoma"
"English","meadow","Finnish","niitty"
"English","meander","Finnish","mutkitella/mutkitteleva/kiertää"
"English","meddle","Finnish","sekaantua"
"English","melancholy","Finnish","melankolia"
"English","mellifluous","Finnish","suloinen/sointuva"
"English","memento","Finnish","muistoesine"
"English","menhirs (Single standing stone)","Finnish","suuri pystykivi (One big standing stone)"
"English","menial","Finnish","alhainen/ala-arvoinen"
"English","mercurial","Finnish","muuttelunhaluinen"
"English","merest trace","Finnish","vähäinenkään jälki"
"English","merry-making","Finnish","juhlinta"
"English","Methinks","Finnish","mikäköön"
"English","meticulous","Finnish","pikkutarkka"
"English","meting out","Finnish","jakaminen"
"English","midden","Finnish","keskiö"
"English","midge","Finnish","pistiäinen"
"English","milksop","Finnish","nyhverö/vellihousu"
"English","mill","Finnish","mylly"
"English","millstone","Finnish","myllynkivi"
"English","minnows","Finnish","pikkukalat"
"English","mire","Finnish","muta"
"English","misanthropic","Finnish","ihmisvihaaja"
"English","miscreant","Finnish","rikollinen"
"English","moat","Finnish","vallihauta"
"English","moline","Finnish","moliini (heraldinen risti)"
"English","mollified","Finnish","lievitetty/tyynnytetty"
"English","mollify","Finnish","lievittää/tyynyttää"
"English","monastic","Finnish","luostari-"
"English","mongrel","Finnish","sekarotuinen koira/piski"
"English","moor","Finnish","nummi/suo (kontekstista riippuen - avoin, karu maasto)"
"English","moorland","Finnish","moorit (avoin, karu maasto)"
"English","moot","Finnish","keskustella"
"English","morass","Finnish","suomaa"
"English","morion","Finnish","morioni (kypärä, jossa on kapea reunus)"
"English","morose","Finnish","mielialaton"
"English","mote","Finnish","hiukkanen"
"English","motley","Finnish","kirjava"
"English","mournful","Finnish","surullinen"
"English","mousy hair","Finnish","hiirenharmaat hiukset"
"English","mown","Finnish","niitetty"
"English","muck","Finnish","lanta/lima/muta/lika"
"English","mucker","Finnish","kaveri"
"English","muddled","Finnish","sekava"
"English","mullion","Finnish","pystysuora palkki ikkunassa"
"English","mullioned window","Finnish","pystysuorin palkein jaettu ikkuna"
"English","muster","Finnish","koota"
"English","mutt","Finnish","piskikoira/sekarotuinen koira"
"English","mutton","Finnish","lampaanliha"
"English","muzzle","Finnish","kuono (suukapula = laite)"
"English","my lack","Finnish","minun puutteeni"
"English","my shortcomings","Finnish","minun puutteellisuuteni"
"English","nab us","Finnish","napata meidät kiinni"
"English","nabbed","Finnish","napattu"
"English","nadir","Finnish","nadir (alin kohta)"
"English","nape","Finnish","niska"
"English","naught","Finnish","nolla/ei mitään"
"English","nave","Finnish","kirkon päälaiva"
"English","necropolis","Finnish","nekropoli/hautausmaa"
"English","nefarious","Finnish","pahantahtoinen"
"English","nettled","Finnish","ärsyyntynyt/harmistunut"
"English","nettlesome","Finnish","ärsyttävä"
"English","nibbled","Finnish","nakertanut"
"English","niggardly","Finnish","kitsas"
"English","nipped over","Finnish","käväisi nopeasti/piipahdettu"
"English","nippers","Finnish","pienokaiset/kakarat"
"English","nock","Finnish","kolo"
"English","nocked","Finnish","nuoli asetettu jänteeseen"
"English","nonce","Finnish","tilapäinen"
"English","nook","Finnish","kolo"
"English","noose","Finnish","hirttosilmukka"
"English","nosebags","Finnish","syöttöpussit (hevosille)"
"English","nostrils","Finnish","sieraimet"
"English","nous","Finnish","tietoisuus"
"English","nugatory","Finnish","merkityksetön"
"English","nymph","Finnish","nymfi"
"English","obeisance","Finnish","kunnioitus"
"English","obeisant","Finnish","kunnioittava"
"English","oblivion","Finnish","unohdus"
"English","obsequious","Finnish","hovinainen"
"English","obstinate","Finnish","itsepintainen"
"English","occlude","Finnish","sulkea"
"English","odious","Finnish","inhottava"
"English","offal","Finnish","sisäelimet"
"English","officiousness","Finnish","tungettelevuus"
"English","okra","Finnish","bustled"
"English","oksanheinä","Finnish","variegated"
"English","olfactory accent","Finnish","hajuaistin kohdistuminen"
"English","oligarchy","Finnish","oligarkia/harvainvalta"
"English","omen","Finnish","enne"
"English","omniscient","Finnish","kaikkitietävä"
"English","on the roan","Finnish","roanilla"
"English","onus","Finnish","taakka"
"English","oozing pus","Finnish","tihkuva mäti"
"English","opine","Finnish","esittää mielipide"
"English","orchard","Finnish","omenatarha"
"English","ordeal","Finnish","koettelemus"
"English","oriel","Finnish","oriel (ulkoneva erkkeri-ikkuna)"
"English","oriel window","Finnish","oriel-ikkuna (ulkoneva erkkeri-ikkuna)"
"English","orifices","Finnish","aukot/aukotukset/ruumiinaukot"
"English","orison","Finnish","rukous"
"English","ossify","Finnish","luutua"
"English","ostentation","Finnish","mahtailu"
"English","ostrich","Finnish","strutsi"
"English","our sacks of vittles and and small tackle","Finnish","meidän tavarat ja pienet välineet"
"English","oust","Finnish","sulkea pois"
"English","outcrop","Finnish","kalliopaljastuma"
"English","overhang","Finnish","ylikallio"
"English","overridden","Finnish","ohitetty"
"English","overweening","Finnish","ylimielinen"
"English","ovine","Finnish","lammastyyppinen/lammasmainen"
"English","own accord","Finnish","omasta aloitteestaan"
"English","oxen","Finnish","härät"
"English","ozone","Finnish","otsoni"
"English","pail","Finnish","ämpäri"
"English","paladin","Finnish","paladiini (urhea ritari)"
"English","palatine","Finnish","palatiini (korkea-arvoinen hovivirkamies)"
"English","palfrey","Finnish","ratsu/kevytrakenteinen ratsu"
"English","palisade","Finnish","paaluaita/paaluvarustus/hakuli (puolustustarkoitukseen rakennettua terävää paaluaitaa)"
"English","palliasse","Finnish","palliasse (karkeasta kankaasta valmistettu vaate)"
"English","pallor","Finnish","kalpeus"
"English","palpable","Finnish","kädensijainen"
"English","pander","Finnish","myötäillä/edistää (jonkun haluja)"
"English","pantheon","Finnish","jumalisto"
"English","parapet","Finnish","parapetti"
"English","parched","Finnish","kuivunut/janoinen/rutikuiva"
"English","parley","Finnish","neuvottelu"
"English","parsnip","Finnish","palsternakka"
"English","parson","Finnish","pappi"
"English","partake","Finnish","ottaa osaa"
"English","partisan","Finnish","partisaani (pitkä keihäs, jossa on leveä terä)"
"English","pasture","Finnish","laidun"
"English","pate","Finnish","pää"
"English","patronage","Finnish","suojelu"
"English","pavise","Finnish","pavise (suuri kilpi)"
"English","pavisiers","Finnish","pavisiirit (pavise-kilpien kantajat/suuret kilvet)"
"English","peak","Finnish","huippu"
"English","peasant","Finnish","talonpoika"
"English","peasant","Finnish","maanviljelijä/talonpoika/maalainen/talollinen/talonpoikaisväestö"
"English","pebbles","Finnish","sorat"
"English","peccadillo","Finnish","pikku rikos"
"English","peddling","Finnish","kauppaaminen/kaupustelu"
"English","peevish","Finnish","ärtyisä"
"English","pegs","Finnish","tapit"
"English","pelt","Finnish","nahka/talja"
"English","pelts","Finnish","nahat/turkit/taljat"
"English","pendant","Finnish","kamee-riipus"
"English","penitent","Finnish","katumusharjoituksiin osallistuva henkilö"
"English","pennants","Finnish","viirit"
"English","penultimate saved of the year","Finnish","vuoden toiseksi viimeinen"
"English","peppered her with questions","Finnish","kyseli häneltä tiuhaan tahtiin"
"English","perchance","Finnish","ehkä/sattumalta/mahdollisesti"
"English","perfunctory","Finnish","pinnallinen"
"English","perilous","Finnish","vaarallinen"
"English","peruse","Finnish","tutkia huolellisesti"
"English","pervaded","Finnish","läpäissyt"
"English","pestilence","Finnish","tartuntatauti"
"English","petticoat","Finnish","alushame"
"English","pettish","Finnish","kiukkuinen"
"English","phalanx","Finnish","falangi (sotilaiden tiivis muodostelma)"
"English","philtres","Finnish","lemmenjuomat"
"English","physiognomy","Finnish","kasvonpiirteet"
"English","pickets","Finnish","vartiojoukot/paalut (riippuu kontekstista)"
"English","piece of fatback","Finnish","pala fatbackia"
"English","piles","Finnish","peräpukamat"
"English","pilfer","Finnish","varastaa"
"English","pillion","Finnish","takamatkustajan istuin"
"English","pillory","Finnish","pilori (rangaistuslaite)"
"English","pincer","Finnish","pihti"
"English","pincers","Finnish","pihdit"
"English","pinnacle","Finnish","huippu"
"English","pious","Finnish","hurskas"
"English","piteous","Finnish","surullinen"
"English","placatingly","Finnish","lepyttävästi"
"English","placetory","Finnish","suostuttelun tavanomaisesti"
"English","placket","Finnish","plakki (vaatekappale, jossa on napit tai soljet)"
"English","plaintive","Finnish","valittava"
"English","plaits","Finnish","palmikot"
"English","pleasantries","Finnish","kohteliaisuudet"
"English","plebeian","Finnish","tavallinen kansalainen"
"English","plight","Finnish","tilanne"
"English","plough","Finnish","aura"
"English","ploughman","Finnish","auraaja"
"English","ploughshare","Finnish","auran terä"
"English","pluck lice","Finnish","poistaa täitä"
"English","plume","Finnish","sulka"
"English","plumed","Finnish","sulkakoristeinen"
"English","plummenting","Finnish","romahdus"
"English","plump","Finnish","pullea/pyöreä"
"English","poignancy","Finnish","terävyys"
"English","poise","Finnish","tasapaino/hieno asenne"
"English","pommel","Finnish","satulankärki"
"English","pompous","Finnish","mahtipontinen"
"English","ponder over","Finnish","miettiä/pohtia"
"English","portent","Finnish","enne"
"English","prance","Finnish","kavuta/kirmata"
"English","prate","Finnish","höpöttää"
"English","pratter","Finnish","lörpöttelijä"
"English","prattle","Finnish","lällytä"
"English","precept","Finnish","ohje"
"English","precinct","Finnish","alue"
"English","precipice","Finnish","jyrkänne"
"English","predilection","Finnish","mieltymys"
"English","preen","Finnish","kiillotella"
"English","prefect","Finnish","prefekti (virkamies)"
"English","presage","Finnish","ennustaa"
"English","prescient","Finnish","ennustava"
"English","prestige","Finnish","maine/kunnioitus"
"English","prithee","Finnish","ole hyvä ja"
"English","prodigious","Finnish","valtava"
"English","profligate","Finnish","tuhlaileva"
"English","profusely","Finnish","ylenpalttisesti"
"English","progeny","Finnish","jälkeläiset"
"English","prognosticator","Finnish","ennustaja"
"English","promontory","Finnish","niemi/korkea kallio"
"English","propensity","Finnish","taipumus"
"English","prophet","Finnish","profeetta"
"English","propitiate","Finnish","lepyttää"
"English","proreuded from the hor's domed forehead","Finnish","työntyi esiin hevosen kupolimaisesta otsasta"
"English","prostrate","Finnish","maahanlyöty"
"English","protruding","Finnish","ulkoneva"
"English","protrusion","Finnish","uloke"
"English","protuberance","Finnish","pullistuma"
"English","provost","Finnish","provosti (virkamies)"
"English","prowess","Finnish","urheus (taidot)"
"English","prudence","Finnish","varovaisuus"
"English","prudendence","Finnish","varovaisuus"
"English","prudent","Finnish","varovainen"
"English","puck","Finnish","kiekko"
"English","puerile","Finnish","lapsellinen"
"English","puffin","Finnish","lunni"
"English","puffing","Finnish","up"
"English","pugnacious","Finnish","taistelunhaluinen"
"English","pulchritude","Finnish","kauneus"
"English","pun","Finnish","sanaleikki"
"English","punitive","Finnish","rangaistus"
"English","purlieu","Finnish","alue/seudunosa"
"English","pustules","Finnish","rakkulat"
"English","quagmire","Finnish","suomaa"
"English","quail","Finnish","metso"
"English","quarry (noun)","Finnish","saalis (substantiivi)"
"English","quarry (verb)","Finnish","louhia (verbi)"
"English","quart mug as if it were a gill","Finnish","juo tuoppia kuin se olisi vain pieni hörppy (gill - pieni mitta)"
"English","quartered","Finnish","neljään osaan jaettu"
"English","quench","Finnish","sammuttaa"
"English","querulous","Finnish","valittava"
"English","quicklime","Finnish","poltettu kalkki"
"English","quiescent","Finnish","levollinen"
"English","quintessence","Finnish","olemus/ydin"
"English","rabbiting","Finnish","jänistä (?)/kaniharrastus/kaninmetsästys/jäniksenpyynti"
"English","rabble","Finnish","roska(väki)"
"English","raddish","Finnish","retiisi"
"English","raillery","Finnish","leikittely/naljailu"
"English","raked by talons","Finnish","kynsillä raahattu"
"English","rampart","Finnish","valli/muuri   "
"English","rancor","Finnish","katkeruus"
"English","ransacked","Finnish","ryöstetty/tutkittu perusteellisesti"
"English","rapacious","Finnish","ahne"
"English","rapacious","Finnish","rauhoittava/ahnas/riistää/ryöstää/riistävä/saalistava"
"English","rapier","Finnish","rapiiri (ohut, terävä miekka)"
"English","rapport","Finnish","suhde"
"English","rapscallion","Finnish","roisto"
"English","rapt","Finnish","hurmioitunut"
"English","ravenous","Finnish","ahnas/nälkäinen"
"English","ravenously","Finnish","ahneesti"
"English","ravine","Finnish","rotko"
"English","raze","Finnish","tuhota"
"English","razed","Finnish","tuhottu"
"English","razorbill","Finnish","teräharakka"
"English","rebuke","Finnish","nuhtelu"
"English","rebuked","Finnish","nuhteli"
"English","receded","Finnish","vetäytyi/loittoni"
"English","reciprocity","Finnish","vastavuoroisuus"
"English","reciting","Finnish","lausumassa/lausuminen/resitointi"
"English","recluse","Finnish","erakko"
"English","reclusive","Finnish","erakko"
"English","recompense","Finnish","korvaus"
"English","reconnaissance","Finnish","tiedustelu"
"English","reconnoitre","Finnish","tutkia/tarkastella"
"English","rectifying","Finnish","puhdistaminen/oikaisu"
"English","red orb of the setting sun","Finnish","laskevan auringon punainen pallo"
"English","redolent","Finnish","tuoksuva"
"English","redpolls","Finnish","urpiaiset"
"English","redress","Finnish","hyvittää/korjata vääryys"
"English","reef","Finnish","riutta"
"English","reeve","Finnish","virkamies (reeve)"
"English","refectory","Finnish","ruokasali"
"English","refrain","Finnish","pidättäytyä"
"English","refute","Finnish","kumota/osoittaa vääräksi"
"English","regal","Finnish","kuninkaallinen"
"English","remonstrate","Finnish","valittaa"
"English","renegade","Finnish","luopio"
"English","renege","Finnish","peruuttaa lupaus"
"English","replenishing","Finnish","täydentäminen"
"English","repose","Finnish","lepo"
"English","reprehensible","Finnish","inhottava"
"English","reprieve","Finnish","hengähdystauko"
"English","reproach","Finnish","nuhtelu"
"English","reprobate","Finnish","rikollinen"
"English","repudiate","Finnish","hylkäämään"
"English","repugnant","Finnish","vastenmielinen"
"English","requite","Finnish","palkita"
"English","rerebrace","Finnish","rerebrace (käsivarsisuoja haarniskassa)"
"English","resign","Finnish","irtisanoutua"
"English","resolute","Finnish","päättäväinen"
"English","respite","Finnish","tauko (helpotus)"
"English","reticence","Finnish","vaiteliaisuus/pidättyväisyys"
"English","reticent","Finnish","vaitelias"
"English","retorts","Finnish","retortit/tislausastiat"
"English","revellers","Finnish","juhlijat"
"English","reverie","Finnish","unelma"
"English","revived","Finnish","elvytetty/virkistynyt"
"English","rhapsody","Finnish","riemuvoitto"
"English","ribald","Finnish","halventava"
"English","rickety","Finnish","heikko/rämäpäinen"
"English","ride-along","Finnish","boy"
"English","ridge","Finnish","harja"
"English","ridges","Finnish","mäet/kohotukset/harjanteet"
"English","rife","Finnish","yleinen/runsas/laaja"
"English","right in the kisser","Finnish","suoraan naamaan"
"English","rippled","Finnish","väreilevä"
"English","roan","Finnish","kimo"
"English","rocky shoal","Finnish","kivikkoinen matalikko"
"English","rogue","Finnish","roisto"
"English","rostrum","Finnish","koroke"
"English","rotgut","Finnish","huono ja halpa viina"
"English","rotko","Finnish","rotko"
"English","röyhelöt","Finnish","knotgrass"
"English","rucksack","Finnish","reppu/koukku"
"English","ruckus","Finnish","meteli"
"English","ruddy","Finnish","punaposkinen"
"English","ruddy-cheeked","Finnish","punaposkinen"
"English","rue","Finnish","katua"
"English","rueful","Finnish","katumuksen täyttämä"
"English","ruffians","Finnish","roistot"
"English","ruffled its impressive crest","Finnish","pöyhisti vaikuttavaa harjaansa"
"English","ruffs and cuffs","Finnish","kaulukset ja hihansuut"
"English","rummage","Finnish","penkoa"
"English","rusalka","Finnish","rusalka"
"English","rustle up","Finnish","haalia/järjestää nopeasti ruokaa"
"English","sable","Finnish","musta"
"English","sack of fodder","Finnish","rehusäkki"
"English","sacrosanct","Finnish","pyhä"
"English","saffian","Finnish","saffian"
"English","sagacious","Finnish","viisas/kaukonäköinen"
"English","sage","Finnish","salvia"
"English","salacious","Finnish","aistillinen"
"English","sallet","Finnish","sallet (kypärä, jossa on pitkä niskasuojus)"
"English","salubrious","Finnish","terveellinen"
"English","sanctum","Finnish","pyhäkkö"
"English","sanguine","Finnish","optimistinen/toiveikas"
"English","saple","Finnish","taimi"
"English","sapling","Finnish","taimi"
"English","sardonic","Finnish","ivallinen"
"English","sash","Finnish","vyö/hihna"
"English","saturnine","Finnish","melankolinen"
"English","saumat","Finnish","kitsch"
"English","sawn","Finnish","leikattu"
"English","scab","Finnish","ihottuma"
"English","scabbard","Finnish","tuppi (miekan tuppeen)"
"English","scalding stones","Finnish","polttavat kivet"
"English","scamp","Finnish","lurjus"
"English","scaping","Finnish","kaarre/kiertää"
"English","schizophrenic","Finnish","skitsofreeninen"
"English","scimitar","Finnish","simaari (kaareva miekka)"
"English","scion","Finnish","jälkeläinen"
"English","scolding","Finnish","nuhtelu"
"English","scopolamine","Finnish","hyönteismyrkky/skopolamiini"
"English","scored by ravines and faults","Finnish","rotkojen ja halkeamien uurtelema"
"English","scorned spoils","Finnish","halveksitut hemmoteltut"
"English","scoundrel","Finnish","roisto"
"English","scourge","Finnish","piiska/rangaistus"
"English","scowl","Finnish","irvistää/muljauttaa silmiään"
"English","scowl","Finnish","rypistä otsaa/ryppyotsainen/ankara ilme"
"English","scowled","Finnish","muljautti silmiään/irvisti/kurkotti"
"English","scowling","Finnish","irvistävä/kurttuinen"
"English","scraffold","Finnish","teline/ruumispuu/lavaste"
"English","scraggy","Finnish","riutunut/lirpakka"
"English","scraping","Finnish","hankaus"
"English","scrawny","Finnish","riutunut"
"English","scrawny bushes","Finnish","riutuneet pensaat"
"English","scree","Finnish","kivikko"
"English","scribber","Finnish","scribbr"
"English","scribbler","Finnish","raapustaja/kirjuri"
"English","scrounged","Finnish","kahmitti/hamstrattiin/kerjättiin kasaan"
"English","scroup","Finnish","kurkku (hevosen kurkku)/nielu/ruokatorvi/hengitystie/kurkunpää"
"English","scruff","Finnish","niskanahka/niskakarvat"
"English","scruoulously","Finnish","tunnollisesti"
"English","scruples","Finnish","punnita/epäröidä"
"English","scudded","Finnish","kiiti/liukui nopeasti"
"English","scurry","Finnish","hätäkävely/kiireellinen liikkuminen"
"English","scurvy","Finnish","keripukki"
"English","scythe","Finnish","viikate"
"English","sear","Finnish","polttaa"
"English","secreted","Finnish","kätketty/erittynyt (kontekstista riippuen)"
"English","secular courts","Finnish","maalliset tuomioistuimet/siviilituomioistuimet"
"English","sedate","Finnish","rauhallinen"
"English","seer","Finnish","näkevä"
"English","seethe","Finnish","kiehua"
"English","seethed","Finnish","kiehunut"
"English","seigneur","Finnish","herra/maaherra (ranskalainen arvonimi)"
"English","semen","Finnish","siemenneste"
"English","seneschal","Finnish","seneskaali (hovin talousjohtaja)"
"English","sentinel","Finnish","vartija"
"English","sepulchral","Finnish","hautausmaahan liittyvä"
"English","seraphic","Finnish","enkelimäinen"
"English","serf","Finnish","maaorja/serf (feodaalinen maaorja)"
"English","serjeant-at-arms","Finnish","aseenkantaja/serjeantti (virkamies, joka vastaa järjestyksestä)"
"English","servility","Finnish","nöyristely"
"English","shack","Finnish","mökki/pieni talo"
"English","shafted","Finnish","petetty/vedätetty"
"English","shafts bound with bast","Finnish","niinellä sidotut akselit"
"English","shaggy fetlocks","Finnish","karvaiset kintereet"
"English","shambled","Finnish","hoiperteli"
"English","shambles","Finnish","sekasorto"
"English","shard","Finnish","sirpale/kappale/lohkare"
"English","she began to limp","Finnish","hän alkoi ontua"
"English","she had been unable to unfasten it","Finnish","hän ei ollut pystynyt avaamaan sitä"
"English","she is straightening her boa","Finnish","hän vetää boaansa"
"English","she riposted","Finnish","hän vastasi nopeasti"
"English","sheaf","Finnish","viljanippu"
"English","sheath","Finnish","tuppi"
"English","shed vigilance","Finnish","menettaa valppautensa"
"English","sheepfold","Finnish","aitaus"
"English","sheepskin","Finnish","lampaannahka/lampaantalja/takki lampaantaljasta"
"English","sheer marvel","Finnish","täysi ihme"
"English","shepherd","Finnish","paimen"
"English","shied","Finnish","pelästyi/kavahti/väisti"
"English","shirk","Finnish","välttää"
"English","shoal","Finnish","matalikko"
"English","shorn","Finnish","ajeltu"
"English","shoved a brand","Finnish","työnsi sytytetyn puunpätkän"
"English","shrewd","Finnish","terävä/älykäs"
"English","shrill","Finnish","kimeä ääni"
"English","shrounded","Finnish","kääritty/peitetty"
"English","shudder","Finnish","väristys/puistatus/kauhunväristys"
"English","shutters","Finnish","ikkunaluukut"
"English","sickle","Finnish","sirppi"
"English","sieve","Finnish","seula"
"English","sihil","Finnish","sihil (fantasia-ase; voidaan jättää kääntämättä)"
"English","sinecure","Finnish","helppo työ"
"English","sinewy","Finnish","lihaksikas/janteva"
"English","singe","Finnish","kärventää"
"English","skidded","Finnish","liukastui"
"English","skinflint","Finnish","rauhallinen henkilö/rauhallinen tyyppi/säästäväinen henkilö"
"English","skirling","Finnish","kiljunta/säkkipillin ulina"
"English","skirmish","Finnish","törmäys/pieni taistelu"
"English","skittish horse","Finnish","herkkähevonen/pelokas hevonen"
"English","slabs","Finnish","laatat"
"English","slake","Finnish","tyydyttää"
"English","slovenly","Finnish","siivoton"
"English","sludgy mouthfulls","Finnish","mutainen suupala"
"English","sluice","Finnish","sulku"
"English","slummock","Finnish","sotku (slummock - sotkuinen henkilö)"
"English","slurring","Finnish","sammaltaminen (puheessa)"
"English","small slam in diamonds","Finnish","pieni slemmi ruuduissa (bridgessä)/pieni ruutu-slemmi"
"English","smite","Finnish","lyödä"
"English","smithy","Finnish","paja"
"English","smooth crust","Finnish","sileä kuori"
"English","smoulder","Finnish","sammaltaa/palaa hiljalleen"
"English","snare","Finnish","ansoja"
"English","sneer","Finnish","ivata"
"English","sniggered","Finnish","hihitti"
"English","snorting","Finnish","pärskintä"
"English","sobriquet","Finnish","lempinimi"
"English","sodden","Finnish","läpimärkä"
"English","sod-roofed","Finnish","turvekattoinen"
"English","solace","Finnish","lohdutus"
"English","solicitous","Finnish","huolehtiva"
"English","solitary","Finnish","yksinäinen"
"English","somber","Finnish","synkkä"
"English","somnolent","Finnish","unelias"
"English","soothsayer","Finnish","ennustaja"
"English","sore head","Finnish","kipeä pää/päänsärky"
"English","soughing","Finnish","huokaus"
"English","sought","Finnish","haettu"
"English","sparse","Finnish","harva"
"English","spartan","Finnish","sparta-/yksinkertainen/kurinalainen/vaatimaton/ankara"
"English","spasm","Finnish","kouristus"
"English","spaulder","Finnish","olkasuojus/olkakilpi/olkapanssari (Se on osa keskiaikaista haarniskaa)"
"English","specious","Finnish","näennäinen"
"English","speck","Finnish","täplä"
"English","spittle","Finnish","sylki"
"English","splinters","Finnish","sirpaleita"
"English","splints","Finnish","lastat/päret/lastut (esim. puusta irtoavat pienet palat)"
"English","spontoons","Finnish","spontoonit (pitkät keihäät)"
"English","spoors","Finnish","jälkiä"
"English","spurn","Finnish","hylätä"
"English","squabbling","Finnish","kinastelu"
"English","squalid","Finnish","likainen"
"English","squander","Finnish","tuhlata"
"English","squatting alongside","Finnish","kyykyssä vieressä"
"English","squirming","Finnish","vääntelehtiminen"
"English","stable","Finnish","talli"
"English","stag","Finnish","uroshirvi"
"English","staggered over","Finnish","hoiperteli yli"
"English","stained glass","Finnish","lasimaalaus"
"English","stained glass window","Finnish","lasimaalauksellinen ikkuna"
"English","stakes and gibbets on the","Finnish","vaarnat ja hirsipuut päällä"
"English","stampeding","Finnish","pakenemaan lähtenyt/ryntäys"
"English","stanch","Finnish","pysäyttää"
"English","starch","Finnish","tärkkelys"
"English","startled","Finnish","säikähtänyt"
"English","stentorian","Finnish","kovaääninen"
"English","steppe clans","Finnish","aavikon klaanit"
"English","sterlet","Finnish","sterletti (sampi)"
"English","steward","Finnish","taloudenhoitaja"
"English","stiffen","Finnish","jäykistyä"
"English","stile","Finnish","aidanportti"
"English","stint","Finnish","säästää"
"English","stints on","Finnish","säästää jossakin"
"English","stockade","Finnish","paaluaita/varustusaita"
"English","stockfish","Finnish","kapakala"
"English","stolid","Finnish","tyyni"
"English","stony countenance","Finnish","kivinen ilme"
"English","stooges","Finnish","kätyrit/apurit"
"English","stooped","Finnish","kumartunut"
"English","stout","Finnish","tukeva"
"English","stouter","Finnish","tukeva/tanakka"
"English","stratagem","Finnish","juoni"
"English","straw targets and mannequins","Finnish","olkitähtäimet ja mannekiinit"
"English","stray","Finnish","eksynyt/harhailija"
"English","streak","Finnish","juova"
"English","strew","Finnish","levittää/sirotella/ripotella"
"English","strewing flecks","Finnish","ripotella pieniä hippuja"
"English","stricture","Finnish","rajoitus"
"English","stripling","Finnish","nuorukainen"
"English","stroking the inlaid wood","Finnish","silittää upotettua puuta/silitellen intarsiapuuta"
"English","stroll","Finnish","nirso/valikoiva"
"English","stultify","Finnish","tehdä typeräksi"
"English","stumble","Finnish","kompastua"
"English","stumps","Finnish","päät/päästöjä/kantoja"
"English","stupor","Finnish","tajuttomuus"
"English","suave","Finnish","hienostunut/kohtelias/sulava"
"English","subjugate","Finnish","alistaa"
"English","sublime","Finnish","ylväys"
"English","suborn","Finnish","lahjoa"
"English","subside","Finnish","laantua"
"English","subsist","Finnish","elää/selviytyä"
"English","succor","Finnish","apu"
"English","suet pudding","Finnish","suihku/suet-puuding (rasvainen jälkiruoka)/rasvainen"
"English","suety loins","Finnish","pehmeät kupeet"
"English","suffice","Finnish","riittää"
"English","sulking","Finnish","mörköttää/ärtyä"
"English","sullen","Finnish","synkkä"
"English","summons","Finnish","kutsu/oikeudenkäyntikutsu"
"English","sumptuous","Finnish","ylellinen/loistelias"
"English","supplement","Finnish","täydennys"
"English","supplications","Finnish","pyyntöjä"
"English","surly","Finnish","tyly"
"English","surmise","Finnish","arvaus"
"English","surreptitous","Finnish","salaa tehty/salainen/väärenneltävä"
"English","suture","Finnish","ommel"
"English","swain","Finnish","sulhasehdokas/nuori mies"
"English","sward","Finnish","nurmi"
"English","swarthy","Finnish","tummaihoinen"
"English","swashbuckling","Finnish","uhkarohkea/miekkaileva/seikkailuhenkinen/rohkea"
"English","swathe","Finnish","kääriä"
"English","swathed","Finnish","kääritty"
"English","swayed","Finnish","keinui"
"English","swelling","Finnish","turvotus"
"English","swerves","Finnish","väistyy"
"English","swig","Finnish","huikka"
"English","swig of distilate","Finnish","huikka tislettä"
"English","swish","Finnish","viuhahdus/suhahdus"
"English","Swooped","Finnish","swooped"
"English","sycophant","Finnish","imartelija"
"English","syllogism","Finnish","päättelyketju"
"English","sylph","Finnish","sylfi"
"English","tabard","Finnish","tabard (haarniskan päälle putettava vaatekappale)"
"English","tabards","Finnish","tunikat/vaakunatunikat"
"English","tabby","Finnish","raitakissa/tabby-kissa"
"English","tacit","Finnish","vaitonainen"
"English","taciturn","Finnish","vaitelias"
"English","tad","Finnish","pikkuinen/pikku"
"English","taint","Finnish","saastuttaa"
"English","talisman","Finnish","taikakalu"
"English","tall fern with coarse lobed fronds which occurs worldwide and can cover large areas","Finnish","korkea saniainen jolla on karkeasti liuskeiset lehdet jota esiintyy maailmanlaajuisesti ja joka voi peittää laajoja alueita"
"English","tally","Finnish","laskea"
"English","tally up","Finnish","laskea yhteen"
"English","talus","Finnish","kivikko (talus)"
"English","tangle of plants","Finnish","kasvien sotku"
"English","tantamount","Finnish","samanarvoinen"
"English","tapering protuberance","Finnish","kapeneva pullistuma"
"English","tar house","Finnish","tupas/tervattu mökki"
"English","targe","Finnish","targe (pieni kilpi)"
"English","tarpaulin","Finnish","pressu"
"English","tarpaulin","Finnish","suojapeite/pressu/katos"
"English","tarried","Finnish","viipyi/viivytteli"
"English","tarry","Finnish","viipyä"
"English","tassel","Finnish","tupsu"
"English","tasset","Finnish","reisisuojus (haarniskan osa)"
"English","tattered","Finnish","repaleinen"
"English","taut wire","Finnish","kireä lanka"
"English","tawdry","Finnish","mauton/höylättävä/hienoillaan"
"English","teeming","Finnish","kuhisee"
"English","temerity","Finnish","uhkarohkeus"
"English","tenable","Finnish","puolustettavissa oleva"
"English","tenant","Finnish","vuokralainen (maataloustorppari)"
"English","tenuous","Finnish","ohut/heikko"
"English","tersely","Finnish","ytimekkäästi"
"English","tettered","Finnish","ihottuma/ihosairaus"
"English","thalers","Finnish","talerit/hopeakolikot"
"English","that might be termed attractive booty","Finnish","jota voitaisiin kutsua houkuttelevaksi saaliiksi"
"English","thatch","Finnish","olkikatto"
"English","thatched","Finnish","olkikattoinen (thatched)"
"English","the brew came from a cat","Finnish","juoma oli peräisin kissasta"
"English","the gelding entered the water with pompous resignation","Finnish","ruuna astui veteen mahtipontisella hyökyllä"
"English","the heat billowed her hair","Finnish","lämpö hulmautti hänen hiuksensa"
"English","the lid tore off with","Finnish","kansi repesi irti"
"English","the power that had pervaded her","Finnish","voima, joka oli läpäissyt hänet"
"English","the pus oozed more","Finnish","mätä tihkui enemmän"
"English","the searing rock stung like","Finnish","polttava kallio poltti kuin"
"English","the twinkling throng","Finnish","välkkyvä joukko"
"English","the vices","Finnish","paheet"
"English","their high pommels and cantles","Finnish","korkeat satulankärjet ja -selkämykset"
"English","thicket","Finnish","pusikko"
"English","thin pasterns","Finnish","hoikat kintereet"
"English","this girl cowered","Finnish","tyttö kyyristyi pelosta"
"English","thistle","Finnish","ohdake"
"English","thistles","Finnish","ohdakkeet"
"English","thorax","Finnish","rintakehä"
"English","threnodial","Finnish","valitushuutoon liittyvä"
"English","threshing-floor","Finnish","riihi"
"English","throbbed","Finnish","tykytti"
"English","thudded","Finnish","tömähti"
"English","thudding","Finnish","tönäisy"
"English","thwacking","Finnish","läimäys"
"English","thwart","Finnish","estää/torjua"
"English","tidings","Finnish","uutiset"
"English","tillers of the soil","Finnish","maan viljelijät"
"English","tincture","Finnish","uute/tinktuura"
"English","tipple","Finnish","ryyppy"
"English","tirade","Finnish","paasaus/purkaus"
"English","to canter","Finnish","kevyt laukka (laukata)"
"English","to dig latrines","Finnish","kaivaa käymäläkuoppia"
"English","to gallop","Finnish","laukata"
"English","to holler","Finnish","huutaa/kiljua"
"English","to meander","Finnish","mutkitella"
"English","to reek","Finnish","haista"
"English","to slake her insatiable","Finnish","tyydyttää hänen sammumatonta/kylttymätöntä"
"English","to steer clear","Finnish","välttää"
"English","to wiggle","Finnish","heiluttaa"
"English","toady","Finnish","imartelija/mielistelijä"
"English","toilsome","Finnish","vaivalloinen"
"English","tome","Finnish","paksu kirja"
"English","tongs","Finnish","pihdit"
"English","top brass decided","Finnish","huippujohto päätti"
"English","toppled over","Finnish","kaatui nurin"
"English","torch","Finnish","soihtu"
"English","torpid","Finnish","toimeton"
"English","torrent","Finnish","puro"
"English","tottered","Finnish","horjunut"
"English","tousled fringe","Finnish","sotkuinen otsatukka"
"English","townie","Finnish","kaupunkilainen"
"English","tractable","Finnish","helposti ohjattava"
"English","transgress","Finnish","rikkoa lakia"
"English","transient","Finnish","ohimenevä"
"English","tread","Finnish","askel/tallata/astua"
"English","trebuchet","Finnish","trebuchetti (heitinkone)"
"English","trenchant","Finnish","terävä"
"English","trepidation","Finnish","levottomuus"
"English","trilled","Finnish","trilletty"
"English","trite","Finnish","tylsä/kulunut/tavallinen/banaali (niin tavallista tai yleistä, ettei se herätä ajatuksia tai tunteita)"
"English","banal","Finnish","Lattea/Kulunut/Tavallinen/Arkipäiväinen/Itsestään selvä/banaali (niin tavallista tai yleistä, ettei se herätä ajatuksia tai tunteita)"
"English","trot","Finnish","kevyt laukka"
"English","trough","Finnish","kaukalo/ruokintakaukalo"
"English","truant","Finnish","poissaoleva/poissaolija"
"English","truculence","Finnish","raivoisuus/taistelunhaluisuus"
"English","trudged","Finnish","laahusti/tarpoi"
"English","trump","Finnish","valtti"
"English","trundled","Finnish","rullattu"
"English","tryst","Finnish","kohtauspaikka"
"English","tumult","Finnish","mellakka"
"English","turf of his beard","Finnish","parta"
"English","turfs","Finnish","turpeet/ruohoalueet"
"English","turfs of","Finnish","knitbone neulontaluuta"
"English","turvotusta","Finnish","anachronistic"
"English","tutelary","Finnish","suojelija-"
"English","twaddle","Finnish","hölynpöly"
"English","twang","Finnish","jänteen napsahdus/nasaali sointi"
"English","twig","Finnish","oksa"
"English","twigs","Finnish","oksat"
"English","twill","Finnish","twill-kangas"
"English","twine","Finnish","naru/juutti/juuttinaru"
"English","typhus","Finnish","tifus"
"English","tyro","Finnish","aloittelija"
"English","umbrage","Finnish","pahoittaa mielensä"
"English","uncongenial","Finnish","epämiellyttävä/sopimaton"
"English","unctuous","Finnish","öljyinen/teennäinen"
"English","undergrowth","Finnish","aluskasvillisuus"
"English","undeterred","Finnish","lannistumaton"
"English","undulate","Finnish","aaltoilla"
"English","unerringly","Finnish","erehtymättä"
"English","unfasten","Finnish","avata"
"English","unflurled","Finnish","avattu (rullattu)"
"English","unfurl","Finnish","aueta"
"English","ungainly","Finnish","kömpelö"
"English","unilateral","Finnish","yksipuolinen"
"English","unkempt","Finnish","hoitamaton"
"English","unperturted","Finnish","häiriintymätön/tyyni"
"English","unremitting","Finnish","taukoamaton/jatkuvasti ilman lopetusta"
"English","untoward","Finnish","epäsuotuisa"
"English","untrammelled","Finnish","rajoittamaton/vapaana"
"English","up his fly","Finnish","housujen vetoketjusta ylös"
"English","upbraid","Finnish","nuhtella"
"English","upheaval","Finnish","myllerrys/mullistus"
"English","upir","Finnish","upir (slaavilainen vampyyri)"
"English","usurp","Finnish","valtauttaa/ottaa vallan/vallankaappaus"
"English","usurper","Finnish","vallankaappaaja"
"English","utter","Finnish","täydellinen"
"English","uttered","Finnish","lausui"
"English","vale of tears","Finnish","kyyneleiden valtakunta"
"English","valet","Finnish","hovimestari"
"English","valliciating","Finnish","lievittävä/helpottava"
"English","vambrace","Finnish","vambrace (käsien suojavaruste/käsivarsisuoja haarniskassa)"
"English","vanguard","Finnish","etujoukot"
"English","varlet","Finnish","juonittelija"
"English","vaunt","Finnish","kehua"
"English","veil of heat","Finnish","lämpöhuuru"
"English","velvety","Finnish","samettinen"
"English","venal","Finnish","lahjottavissa oleva"
"English","veritable","Finnish","todellinen"
"English","verve","Finnish","tarmokkuus/into"
"English","verve","Finnish","tarmo/into"
"English","vex","Finnish","ärsyttää"
"English","vexing","Finnish","ärsyttävä"
"English","vice","Finnish","ruuvipenkki (riippuu kontekstista)/pahe"
"English","vicissitude","Finnish","vaihtelu"
"English","vigilant","Finnish","valpas"
"English","vilify","Finnish","puhua pahaa"
"English","villein","Finnish","villeiini (feodaalinen maaorja)"
"English","vindicate","Finnish","oikeuttaa"
"English","vineyard","Finnish","viinitarha"
"English","virago","Finnish","raivoisa nainen"
"English","visage","Finnish","kasvot"
"English","vitriol","Finnish","syövyttävä aine"
"English","vituperate","Finnish","moittia/herjata"
"English","vouch","Finnish","vakuuttaa/todistella"
"English","vouchsafe","Finnish","armollisesti myöntää"
"English","waft","Finnish","kuljettaa ilmassa"
"English","waif","Finnish","kulkurilapsi/heitteille jätetty"
"English","waif and stray","Finnish","irtolainen ja harhaileva"
"English","wails","Finnish","valitukset/ulvonnat"
"English","waist","Finnish","vyötärö"
"English","wall","Finnish","muuri"
"English","walrus tusks","Finnish","mursun torahampaat"
"English","wanton","Finnish","himoitsematon"
"English","wantonness","Finnish","hillittömyys/irstaus"
"English","warhorse","Finnish","sotaratsu"
"English","wary","Finnish","varovainen"
"English","watermill","Finnish","vesimylly"
"English","wattle","Finnish","punos (puu- tai korkkikoriste)"
"English","wattle-and-daub","Finnish","punos ja savi (wattle-and-daub - seinärakenne)"
"English","We are hogging it","Finnish","Huijaamme sitä"
"English","welter","Finnish","sekasorto"
"English","wench","Finnish","tyttö/tytär/nuori"
"English","what scruff is this","Finnish","mikä peli tämä on"
"English","wheezed lengthly","Finnish","köhisi pitkään"
"English","whence","Finnish","mistä"
"English","wherry","Finnish","pieni soutuvene"
"English","whine","Finnish","kitistä"
"English","whinny","Finnish","hirnunta"
"English","whir","Finnish","hurina/surina"
"English","whiskers","Finnish","viikset"
"English","whither","Finnish","minne"
"English","wholesome","Finnish","terveellinen"
"English","whorl","Finnish","kierre/kihara"
"English","wide berth","Finnish","suuri etäisyys"
"English","will be quartered","Finnish","tultaisiin raadelluksi neljään osaan"
"English","wilted petal","Finnish","nuutunut terälehti"
"English","wimple","Finnish","wimple (naisten päähine, joka peittää kaulan ja hartiat)"
"English","windmill","Finnish","tuulimylly"
"English","windowsill","Finnish","ikkunalauta"
"English","wiping blood off the fuller","Finnish","puhdistaa verta fullerista (fuller - miekan keskiosa terän vahvistamiseksi)"
"English","wiseacre","Finnish","betterwisser/viisastelija"
"English","wisps","Finnish","suortuvat"
"English","with a guttural snort","Finnish","kurkkuäänisellä pärskäyksellä"
"English","with a howl","Finnish","ulvahduksella"
"English","with bandy legs set aside","Finnish","jalat sivuun asetettuina"
"English","with bandy legs set wide","Finnish","leveälle asetetut pyöreät jalat"
"English","with its failing pincers","Finnish","heikentyneillä pihdeillään"
"English","with relish","Finnish","mielellään"
"English","with sparse bristles","Finnish","harvoilla karvoilla"
"English","wither","Finnish","kuihtua"
"English","withered","Finnish","kuihtunut"
"English","woebegone","Finnish","surullinen"
"English","woeful","Finnish","surkea/murheellinen"
"English","wont","Finnish","tottumus/tapa"
"English","woo her away","Finnish","kosia hänet pois/vietellä mukaansa"
"English","woodcock","Finnish","lehtokurppa/lehtokurki (lintu)"
"English","wormwood ","Finnish","kärsimys/kivikorjaus"
"English","wrangle","Finnish","kiista"
"English","wrath","Finnish","viha"
"English","wreak","Finnish","saada aikaan/tehdä/aiheuttaa"
"English","wreaks havoc","Finnish","aiheuttaa tuhoa"
"English","wrested","Finnish","painivat"
"English","wretched","Finnish","onneton"
"English","wriggling","Finnish","vääntyä/kiemurrella"
"English","writ","Finnish","kirje/oikeudenkäyntikutsu"
"English","writhe","Finnish","vääntyä/kääntyä"
"English","yarn","Finnish","juttu/tarina (varsinkin liioiteltu)"
"English","yew bow","Finnish","iiriskaarna"
"English","yoke","Finnish","yoke (laite eläinten yhdistämiseen vetotehtävässä)"
"English","yoked up","Finnish","yhdistetty vetotehtävään"
"English","yokel","Finnish","maalainen/hölmö/kyläjätkä/juntti"
"English","yonder","Finnish","tuolla/tuonne"
"English","you are solven","Finnish","olet ratkaisukeskeinen"
"English","you were lax","Finnish","olit laiska"
"English","zephyr","Finnish","lempeä tuuli"
"English","zest","Finnish","innostus"
"English","zodiac","Finnish","eläinradan merkki"
"English","zymurgy","Finnish","sakkafysiikka (hiivan ja käymisprosessien tutkimus)"
"English","conceit","Finnish","ylpeys"
"English","rustler","Finnish","karkurit"
"English","flailed","Finnish","heilutti jäsentään"
"English","loins","Finnish","kupeet/lantio"
"English","elucidation","Finnish","selvennys"
"English","trudging","Finnish","kävely/tarpominen"
"English","beckoned","Finnish","käski"
"English","candour","Finnish","rehellisyys"
"English","aforementioned","Finnish","edellä mainittu"
"English","candour","Finnish","rehellisyys"
"English","evinced","Finnish","näkyvissä oleva"

"English","confabulations","Finnish","keskustelut/puheenvaihdot"
"English","exasperated","Finnish","ärtyneet"
"English","coiffure","Finnish","kampaus"
"English","bouffant","Finnish","pumpullinen"
"English","flightiness","Finnish","kepeys/kepeäpäinen"
"English","distraught","Finnish","mielenvahingoittunut/levoton"
"English","furtively","Finnish","salaisesti/piilossa"
"English","reprimanded","Finnish","kärsitti"
"English","intercede to","Finnish","puuttua/puolustaa"
"English","milliner","Finnish","hattamestari"
"English","grunted","Finnish","nörisee/grunisee"
